Symbol,Date,Open,High,Low,Close,Percent Change,Volume,Turnover,Daily_Return,Log_Return,SMA_5,SMA_20,EMA_12,EMA_26,RSI_14,MACD,MACD_Signal,ATR_14,BB_Middle,BB_Std,BB_Upper,BB_Lower,OBV
BNL,2012-04-12,1690.0,1690.0,1690.0,1690.0,0.00 %,960.0,1622400.0,,,,,1690.0,1690.0,29.5054806685488,0.0,0.0,,,,,,0.0
BNL,2012-09-11,1690.0,1680.0,1680.0,1680.0,-0.59 %,20.0,33600.0,-0.00591715976331364,-0.005934735519814578,,,1688.4615384615386,1689.2592592592591,30.543892867923503,-0.797720797720558,-0.1595441595441116,,,,,,-20.0
BNL,2013-05-26,1680.0,1680.0,1680.0,1680.0,0.00 %,20.0,33600.0,0.0,0.0,,,1687.1597633136093,1688.5733882030177,30.543892867923503,-1.413624889408311,-0.4103603055169515,,,,,,-20.0
BNL,2013-07-15,1680.0,1680.0,1680.0,1680.0,0.00 %,60.0,100800.0,0.0,0.0,,,1686.0582612653616,1687.9383224102014,35.49846288976728,-1.8800611448398286,-0.704300473381527,,,,,,-20.0
BNL,2014-08-26,1660.0,1660.0,1660.0,1660.0,0.00 %,840.0,1394400.0,-0.011904761904761862,-0.01197619104671565,1678.0,,1682.0492979937676,1685.868817046483,26.902437000359654,-3.81951905271535,-1.3273441892482918,,,,,,-860.0
BNL,2014-09-10,1660.0,1660.0,1660.0,1660.0,0.00 %,82.0,136120.0,0.0,0.0,1672.0,,1678.6570983024187,1683.9526083763733,26.651777150530307,-5.295510073954574,-2.1209773661895484,,,,,,-860.0
BNL,2016-11-15,1660.0,1660.0,1660.0,1660.0,0.00 %,100.0,166000.0,0.0,0.0,1668.0,,1675.786775486662,1682.1783410892347,40.50457276610122,-6.391565602572655,-2.97509501346617,,,,,,-860.0
BNL,2018-02-27,1693.0,1693.0,1693.0,1693.0,1.99 %,100.0,169300.0,0.01987951807228905,0.019684500782546292,1670.6,,1678.4349638733293,1682.979945452995,53.2201238650966,-4.544981579665773,-3.2890723267060906,,,,,,-760.0
BNL,2019-05-06,1726.0,1760.0,1726.0,1760.0,3.96 %,20.0,17600.0,0.039574719432959204,0.03881170589906211,1686.6,,1690.98343096974,1688.6851346786991,57.982308838485366,2.2982962910409697,-2.1715986031566787,,,,,,-740.0
BNL,2019-10-10,1795.0,1830.0,1795.0,1830.0,3.98 %,134.0,244870.0,0.03977272727272729,0.039002157803269176,1720.6,,1712.3705954359339,1699.1529024802771,52.422785722869826,13.21769295565673,0.9062597086060029,,,,,,-606.0
BNL,2021-08-01,1866.6,1903.9,1866.6,1903.9,4.04 %,360.0,685031.0,0.04038251366120216,0.03958844712816415,1769.3799999999999,,1741.8366576765593,1714.3193541484047,57.42947067238913,27.51730352815457,6.228468472515717,,,,,,-246.0
BNL,2022-05-17,1941.9,1941.9,1941.9,1941.9,2.00 %,21.0,40779.9,0.019959031461736387,0.01976246125594334,1825.7599999999998,,1772.615633418627,1731.1771797670415,56.75084879773033,41.43845365158563,13.2704655083297,,,,,,-225.0
BNL,2022-09-13,1980.7,2136.0,1980.7,2136.0,10.00 %,52.0,106957.4,0.09995365363818931,0.09526804586051119,1914.36,,1828.5209205849924,1761.1640553398531,62.34080363313257,67.35686524513926,24.087745455691614,,,,,,-173.0
BNL,2022-09-14,2178.7,2178.7,2178.7,2178.7,2.00 %,10.0,21787.0,0.019990636704119824,0.01979344755220268,1998.1,,1882.3946251103782,1792.0926438331971,63.94655072600748,90.30198127718108,37.33059261998951,39.19285714285713,,,,,-163.0
BNL,2022-09-25,2222.2,2222.2,2222.2,2222.2,2.00 %,10.0,22222.0,0.019966034791389253,0.019769327517620058,2076.54,,1934.672375093397,1823.952447993701,61.05470953186688,110.71992709969595,52.0084595159308,42.29999999999999,,,,,-153.0
BNL,2023-07-11,2266.6,2311.9,2266.6,2311.9,4.04 %,20.0,45785.0,0.040365403654036625,0.03957200111178366,2158.1400000000003,,1992.7073943097976,1860.0967111052787,67.78548166824243,132.61068320451886,68.12890425364841,47.99285714285715,,,,,-133.0
BNL,2023-08-07,2358.1,2405.2,2358.1,2405.2,4.04 %,20.0,47633.0,0.040356416800034545,0.039563362903721644,2250.7999999999997,,2056.1677951852134,1900.4747325048877,67.15338342734631,155.69306268032574,85.64173593898389,54.657142857142844,,,,,-113.0
BNL,2023-09-24,2453.3,2453.3,2453.3,2453.3,2.00 %,22.0,53972.6,0.01999833693663744,0.0198009968405735,2314.26,,2117.2650574644113,1941.4247523193403,66.45943590724562,175.84030514507094,103.68144978020129,58.092857142857156,,,,,-91.0
BNL,2023-12-11,2502.3,2698.6,2502.3,2698.6,10.00 %,50.0,130118.0,0.09998777157298311,0.09529906299069978,2418.2400000000002,,2206.7012024698865,1997.5118077030927,73.31856955380573,209.18939476679384,124.7830387775198,74.18571428571428,,,,,-41.0
BNL,2023-12-12,2752.5,2968.4,2752.5,2968.4,10.00 %,50.0,143128.0,0.09997776624916632,0.09528996709929162,2567.48,2010.655,2323.8856328591346,2069.429451576938,81.9986986731113,254.45618128219667,150.7176672784552,93.45714285714287,2010.655,392.9498313699654,2796.554662739931,1224.7553372600692,9.0
BNL,2023-12-13,3027.7,3265.2,3027.7,3265.2,10.00 %,50.0,157438.0,0.09998652472712566,0.09529792948122237,2758.14,2089.415,2468.7032278038832,2158.005047756424,78.58485610814694,310.6981800474591,182.713769832256,114.65714285714284,2089.415,474.6623512117796,3038.7397024235593,1140.0902975764407,59.0
BNL,2023-12-14,3330.5,3591.7,3330.5,3591.7,10.00 %,50.0,173186.0,0.09999387480093103,0.0953046114260315,2995.44,2185.0,2641.471961987901,2264.204673848541,72.91448536938901,377.26728813936006,221.62447349367682,135.62142857142857,2185.0,570.6548565141262,3326.309713028252,1043.6902869717476,109.0
BNL,2023-12-17,3663.5,3950.8,3663.5,3950.8,10.00 %,50.0,190500.0,0.09998051062171132,0.09529246203073996,3294.94,2298.54,2842.907044758993,2389.1376609708714,60.02472068832669,453.76938378812156,268.05345555256577,156.4857142857143,2298.54,680.2666020721118,3659.0732041442234,938.0067958557763,159.0
BNL,2023-12-18,3950.7,4345.8,3950.7,4345.8,10.00 %,60.0,249050.0,0.09997975093651923,0.09529177139536317,3624.38,2431.83,3074.121345565302,2534.075612010066,53.245144386854264,540.045733555236,322.45191115309984,179.70714285714288,2431.83,802.8189689758012,4037.4679379516024,826.1920620483975,219.0
BNL,2023-12-19,4432.7,4780.3,4432.7,4780.3,10.00 %,50.0,230499.0,0.09998159142160246,0.0952934445930215,3986.7599999999998,2587.8450000000003,3336.6103693244863,2700.462603713024,50.51243406179351,636.1477656114625,385.19108204477243,205.46428571428575,2587.8450000000003,936.9217186167633,4461.688437233527,714.0015627664736,269.0
BNL,2023-12-20,4875.9,5258.3,4875.9,5258.3,10.00 %,50.0,253546.0,0.09999372424324826,0.09530447455463928,4385.38,2767.7599999999998,3632.25492788995,2889.932040475022,40.790853786448494,742.3228874149281,456.61744311880364,236.89285714285717,2767.7599999999998,1083.4076175125456,4934.575235025091,600.9447649749086,319.0
BNL,2023-12-21,5363.4,5784.1,5363.4,5784.1,10.00 %,50.0,278897.0,0.09999429473403953,0.09530499318545577,4823.860000000001,2973.965,3963.308015906881,3104.314852291687,39.23573735199138,858.9931636151937,537.0925872180817,260.58571428571435,2973.965,1242.290625915225,5458.54625183045,489.38374816955,369.0
BNL,2023-12-24,5899.7,6362.5,5899.7,6362.5,10.00 %,50.0,306783.0,0.09999827112255999,0.09530860809632608,5306.2,3207.44,4332.414474998131,3345.6619002700804,48.822059033039324,986.7525747280501,627.0245847200754,298.85,3207.44,1415.5809777725817,6038.601955545164,376.2780444548366,419.0
BNL,2023-12-27,6235.5,6235.5,6235.5,6235.5,-2.00 %,10.0,62355.0,-0.01996070726915522,-0.020162613497976375,5684.14,3431.215,4625.196863459956,3559.723981731556,60.13254463796692,1065.4728817284004,714.7142441217404,304.81428571428575,3431.215,1524.2958751588599,6479.80675031772,382.6232496822804,409.0
BNL,2024-01-31,6360.2,6360.2,6360.2,6360.2,2.00 %,10.0,63602.0,0.01999839627936817,0.01980105501981444,6000.120000000001,3657.725,4892.120422927655,3767.1666497514407,48.578137229324284,1124.9537731762148,796.7621499326353,307.31428571428575,3657.725,1608.1209766861114,6873.966953372223,441.4830466277772,419.0
BNL,2024-02-12,6487.4,6996.2,6487.4,6996.2,10.00 %,50.0,337344.0,0.09999685544479742,0.095307321113691,6347.7,3912.34,5215.824973246477,4006.354305325408,41.45864773261424,1209.4706679210694,879.3038535303223,346.0785714285715,3912.34,1715.3785168908128,7343.097033781625,481.5829662183746,469.0
BNL,2024-02-13,7136.1,7695.8,7136.1,7695.8,10.00 %,50.0,371077.0,0.09999714130528004,0.09530758098756616,6730.039999999999,4200.035,5597.35959274702,4279.646579005007,45.80661414437522,1317.7130137420127,966.9856855726605,392.61428571428576,4200.035,1845.114647493411,7890.264294986822,509.8057050131779,519.0
BNL,2024-02-14,7849.7,8465.3,7849.7,8465.3,10.00 %,50.0,408183.0,0.09998960471945728,0.09530072950463209,7150.6,4516.5,6038.581193862863,4589.694980560192,49.46610857216076,1448.8862133026714,1063.3657911186629,430.0571428571429,4516.5,2008.0595018967667,8532.619003793534,500.38099620646653,569.0
BNL,2024-02-15,8634.6,9311.8,8634.6,9311.8,10.00 %,50.0,448998.0,0.09999645612086994,0.09530695809083509,7765.860000000001,4873.155000000001,6542.153317883961,4939.480537555733,41.95328064452569,1602.6727803282283,1171.2271889605759,471.25,4873.155000000001,2195.681092862219,9264.517185724439,481.7928142755627,619.0
BNL,2024-02-18,9498.0,10242.9,9498.0,10242.9,10.00 %,60.0,596325.0,0.09999140875018808,0.09530236954672314,8542.4,5274.1900000000005,7111.498961286428,5332.326423662716,38.893674624661585,1779.1725376237127,1292.8162586932033,516.5571428571428,5274.1900000000005,2408.2021170858643,10090.59423417173,457.7857658282719,679.0
BNL,2024-02-20,10447.7,11267.1,10447.7,11267.1,10.00 %,50.0,543281.0,0.09999121342588535,0.09530219197777258,9396.58,5721.95,7750.822198011594,5771.939281169181,37.48702691482737,1978.8829168424127,1430.029590323045,566.3928571428572,5721.95,2648.9256925661084,11019.801385132218,424.098614867783,729.0
BNL,2024-02-21,11492.4,12393.8,11492.4,12393.8,10.00 %,50.0,597607.0,0.09999911246017157,0.09530937294960987,10336.179999999998,6221.379999999999,8465.126475240579,6262.447482564057,42.98250886578109,2202.6789926765214,1584.5594707937405,621.2214285714284,6221.379999999999,2918.574674950626,12058.529349901251,384.230650098747,779.0
BNL,2024-02-22,12641.6,13415.2,12641.6,13415.2,8.24 %,40.0,521034.0,0.08241217382885013,0.07919204488145407,11326.16,6769.475,9226.67624828049,6792.281002374128,43.421851596972026,2434.395245906362,1754.5266258162649,665.9571428571429,6769.475,3190.346798980191,13150.168597960383,388.7814020396181,819.0
BNL,2024-02-25,13683.5,14756.7,13683.5,14756.7,10.00 %,61.0,873867.7,0.0999985091537956,0.09530882448867514,12415.14,7372.379999999999,10077.449133160415,7382.23796516123,48.67807439503544,2695.211167999185,1942.6635342528489,730.7428571428572,7372.379999999999,3504.4467422194657,14381.27348443893,363.4865155610678,880.0
BNL,2024-02-26,15051.8,16232.3,15051.8,16232.3,10.00 %,50.0,782696.0,0.09999525639201168,0.09530586742412808,13613.02,8035.575,11024.34926652035,8037.7981158900275,48.713849998162644,2986.551150630323,2151.4410575283437,802.0,8035.575,3863.788588102696,15763.152176205393,307.99782379460794,930.0
BNL,2024-02-27,16556.9,17855.5,16556.9,17855.5,10.00 %,50.0,860963.0,0.0999981518330737,0.09530849965116223,14930.7,8765.09,12075.295533209526,8765.035292490767,49.51802217278861,3310.2602407187587,2383.204894166427,880.3857142857144,8765.09,4271.5644211582785,17308.218842316557,221.96115768344316,980.0
BNL,2024-02-28,18205.0,19641.0,17855.5,19641.0,10.00 %,220.0,4036052.0,0.09999719974237631,0.09530763411233578,16380.14,9567.555,13239.250066561908,9570.662307861821,33.4489335876539,3668.587758700087,2640.281467073159,966.6071428571429,9567.555,4731.314728762531,19030.18445752506,104.925542474939,1200.0
BNL,2024-02-29,20033.8,21605.1,20033.8,21605.1,10.00 %,70.0,1473863.0,0.09999999999999987,0.09531017980432474,18018.120000000003,10450.27,14526.303902475462,10462.102136909094,29.65542521994135,4064.2017655663676,2925.0655267718007,1097.8285714285714,10450.27,5247.015591151742,20944.301182303483,-43.76118230348402,1270.0
BNL,2024-03-03,22037.2,23765.6,19511.0,22834.0,5.69 %,687.0,15134546.6,0.05688008849762327,0.055321255322746586,19633.579999999998,11374.679999999998,15804.410994402315,11378.539015656568,29.91919229275689,4425.871978745747,3225.22681716659,1392.8214285714282,11374.679999999998,5722.043329514563,22818.766659029126,-69.4066590291277,1957.0
BNL,2024-03-04,23290.6,23290.6,23290.6,23290.6,2.00 %,10.0,232906.0,0.01999649645265822,0.01979919243994552,21045.239999999998,12300.195,16956.132379878884,12260.913903385712,31.51722928881702,4695.218476493172,3519.2251490319063,1380.0071428571425,12300.195,6084.776339744175,24469.747679488348,130.6423205116498,1967.0
BNL,2024-03-05,23756.4,23756.4,20961.6,20962.0,-10.00 %,366.0,7805581.0,-0.09998024954273388,-0.10533857094609533,21666.54,13085.38,17572.41970605136,12905.438799431215,26.84359048844256,4666.980906620147,3748.7763005495544,1529.6642857142854,13085.38,6141.206078922077,25367.792157844153,802.9678421558456,1601.0
BNL,2024-03-06,20542.8,21381.0,19336.0,21000.0,0.18 %,160.0,3279171.0,0.001812804121744005,0.0018111629754372905,21938.34,13846.175,18099.73975127423,13505.035925399272,27.430841429277137,4594.703825874956,3917.961805614635,1620.7714285714285,13846.175,6131.584192297846,26109.34338459569,1583.006615404307,1761.0
BNL,2024-03-07,20580.0,21500.0,18900.0,21500.0,2.38 %,330.0,6492282.0,0.023809523809523725,0.023530497410194036,21917.32,14603.05,18622.856712616653,14097.255486480808,34.229059690284345,4525.601226135845,4039.4896897188773,1746.0214285714285,14603.05,6093.346758857911,26789.74351771582,2416.356482284178,2091.0
BNL,2024-03-12,21070.0,21070.0,21070.0,21070.0,-2.00 %,10.0,210700.0,-0.020000000000000018,-0.020202707317519466,21564.52,15344.775,18999.340295291015,14613.755080074823,33.336627792053775,4385.5852152161915,4108.708794818341,1710.2285714285713,15344.775,5921.642062173295,27188.05912434659,3501.4908756534096,2081.0
BNL,2024-03-14,20648.6,20648.6,20648.6,20648.6,-2.00 %,10.0,206486.0,-0.020000000000000018,-0.020202707317519466,21036.120000000003,16059.195000000002,19253.072557553936,15060.78062969891,47.39168110918544,4192.291927855027,4125.425421425678,1667.1714285714284,16059.195000000002,5635.652965061392,27330.500930122784,4787.8890698772175,2071.0
BNL,2024-03-17,20235.7,20235.7,20235.7,20235.7,-2.00 %,10.0,202357.0,-0.01999651308078987,-0.020199149243022737,20890.86,16721.17,19404.246010237945,15444.107990461955,39.315090161341345,3960.13801977599,4092.3679410957407,1616.185714285714,16721.17,5281.507959216114,27284.185918432224,6158.154081567771,2061.0
BNL,2024-03-20,19831.0,19831.0,18350.0,18350.0,-9.32 %,60.0,1136772.0,-0.09318679363698812,-0.09781879675497611,20360.86,17253.879999999997,19242.05431635518,15659.359250427735,46.326530612244895,3582.695065927446,3990.433366062082,1677.9214285714284,17253.879999999997,4842.315587837137,26938.51117567427,7569.248824325723,2001.0
BNL,2024-03-21,17983.0,17983.0,16615.0,16615.0,-9.46 %,241.0,4137084.0,-0.09455040871934606,-0.09932367269402169,19383.86,17661.364999999998,18837.892113839,15730.147454099755,40.04373377067104,3107.7446597392445,3813.8956247975143,1706.0285714285712,17661.364999999998,4385.145580764678,26431.656161529354,8891.073838470642,1760.0
BNL,2024-03-25,16947.3,18276.5,16947.3,18276.5,10.00 %,80.0,1423104.0,0.10000000000000009,0.09531017980432493,18825.16,18109.6,18751.52409632531,15918.766161203475,40.05701859119603,2832.7579351218337,3617.6680868623785,1719.3071428571427,18109.6,3920.294004817816,25950.188009635633,10269.011990364366,1840.0
BNL,2024-03-26,18500.0,20104.1,18500.0,18543.6,1.46 %,150.0,2880886.0,0.014614395535250013,0.014508634434629858,18404.16,18524.635000000002,18719.53577381372,16113.198297410625,33.94496888217036,2606.337476403096,3415.401964770522,1733.9071428571426,18524.635000000002,3455.4587073475777,25435.552414695157,11613.717585304847,1990.0
BNL,2024-03-27,18200.0,18360.0,18000.0,18360.0,-0.99 %,80.0,1452510.0,-0.009900990099009799,-0.00995033085316798,18029.019999999997,18879.280000000002,18664.22257784238,16279.628053157987,49.752109531470595,2384.594524684395,3209.240476753297,1645.1999999999996,18879.280000000002,3006.1649950516135,24891.60999010323,12866.950009896776,1910.0
BNL,2024-03-28,18500.0,18727.2,18300.0,18300.0,-0.33 %,89.0,1639597.0,-0.0032679738562091387,-0.0032733253449691376,18019.019999999997,19174.59,18608.188335097402,16429.285234405543,60.31223256658282,2178.9031006918594,3003.17300154101,1535.4214285714284,19174.59,2597.908937851441,24370.407875702884,13978.772124297118,1821.0
BNL,2024-03-31,17950.0,17950.0,16901.4,16901.4,-7.64 %,40.0,696895.0,-0.07642622950819666,-0.07950460111272394,18076.3,19348.9,18345.60551431319,16464.25669852365,59.78048529714168,1881.3488157895372,2778.808164390716,1331.4214285714284,19348.9,2289.8244729328244,23928.548945865652,14769.251054134353,1781.0
BNL,2024-04-01,17239.4,17584.1,17239.4,17250.2,2.06 %,30.0,520737.0,0.02063734365200509,0.02042727887840374,17871.04,19473.575,18177.08158903424,16522.474720855233,55.094402198374915,1654.6068681790057,2553.9679051483736,1347.5714285714282,19473.575,2085.3876322426263,23644.350264485252,15302.799735514749,1811.0
BNL,2024-04-02,17595.2,17595.2,17595.2,17595.2,2.00 %,10.0,175952.0,0.01999976811863058,0.01980239996147797,17681.36,19541.72,18087.56134456743,16601.93585264373,44.78571909993357,1485.6254919236999,2340.299422503439,1172.5857142857137,19541.72,1994.1697144689674,23530.059428937937,15553.380571062065,1821.0
BNL,2024-04-03,17243.3,17243.3,17243.3,17243.3,-2.00 %,10.0,172433.0,-0.01999977266527242,-0.02020247534333454,17458.02,19511.11,17957.67498386475,16649.444308003454,41.18344874941142,1308.230675861294,2133.88567317501,1051.6499999999996,19511.11,2025.8617570905685,23562.833514181137,15459.386485818864,1811.0
BNL,2024-04-04,16899.0,16899.0,16899.0,16899.0,-2.00 %,10.0,168990.0,-0.019967175656631864,-0.020169213650511907,17177.82,19374.010000000002,17794.80190942402,16667.929914818014,37.599709934735316,1126.8719946060046,1932.4829374612093,890.528571428571,19374.010000000002,2107.736630381655,23589.48326076331,15158.536739236693,1801.0
BNL,2024-04-07,16700.0,16800.1,16366.0,16599.0,-1.78 %,141.0,2329501.0,-0.017752529735487355,-0.017911995996604264,17117.34,19123.704999999998,17610.832384897247,16662.823995201867,37.76112537851202,948.0083896953802,1735.5880279080436,897.8857142857139,19123.704999999998,2126.009189581313,23375.723379162624,14871.686620837372,1660.0
BNL,2024-04-09,16267.1,16267.1,15630.0,15942.6,-3.95 %,100.0,1584126.0,-0.03954455087655884,-0.04034768085451745,16855.82,18779.135000000002,17354.181248759207,16609.474069631357,28.239222118088094,744.7071791278504,1537.4118581520052,936.9999999999994,18779.135000000002,2050.121392368595,22879.377784737193,14678.892215262811,1560.0
BNL,2024-04-10,15700.0,16918.3,15400.0,16918.3,6.12 %,210.0,3316530.0,0.06120080789833526,0.059401104587542275,16720.440000000002,18460.52,17287.122595103945,16632.350064473478,29.267848470131128,654.7725306304674,1360.8839926476978,1015.9571428571425,18460.52,1790.854498071559,22042.22899614312,14878.811003856883,1770.0
BNL,2024-04-14,16600.0,17222.0,16580.0,17222.0,1.80 %,50.0,836020.0,0.01795097616190766,0.01779175995686635,16716.18,18273.52,17277.103734318724,16676.02783747544,26.080975649817276,601.075896843282,1208.9223734868146,927.121428571428,18273.52,1709.3117487210359,21692.143497442074,14854.89650255793,1820.0
BNL,2024-04-15,16877.6,16877.6,16210.0,16210.0,-5.88 %,40.0,658378.0,-0.05876204854256184,-0.06055930052638872,16578.379999999997,18034.02,17112.933929038918,16641.507256921705,33.907378415231534,471.42667211721346,1061.4232332128945,875.478571428571,18034.02,1641.4115079791206,21316.843015958242,14751.196984041759,1780.0
BNL,2024-04-16,15885.8,15885.8,15885.8,15885.8,-2.00 %,10.0,158858.0,-0.020000000000000018,-0.020202707317519466,16435.739999999998,17753.31,16924.144093802162,16585.52894159417,44.01370140999342,338.61515220799265,916.8616170119142,779.9571428571425,17753.31,1490.6069544069248,20734.52390881385,14772.096091186151,1770.0
BNL,2024-04-18,15580.0,15580.0,15580.0,15580.0,-1.92 %,10.0,155800.0,-0.01924989613365391,-0.019437587987463034,16363.219999999998,17478.81,16717.352694755675,16511.045316290896,53.63951207551796,206.3073784647786,774.7507693024871,671.2571428571425,17478.81,1346.1858704463668,20171.181740892735,14786.438259107268,1760.0
BNL,2024-04-21,15269.2,15570.0,15269.2,15570.0,-0.06 %,20.0,308392.0,-0.0006418485237483784,-0.0006420545966952266,16093.560000000001,17224.879999999997,16540.836895562494,16441.338255824903,47.206049031937525,99.49863973759057,639.7003433895079,654.6285714285711,17224.879999999997,1186.292092193135,19597.464184386266,14852.295815613728,1740.0
BNL,2024-04-22,15881.4,15881.4,15484.1,15484.1,-0.55 %,30.0,471655.0,-0.005517019910083465,-0.005532294871845521,15745.98,16987.3,16378.26198855288,16370.431718356393,46.21480544131604,7.830270196487618,513.3263287509039,652.4928571428567,16987.3,1015.015748905542,19017.331497811083,14957.268502188916,1710.0
BNL,2024-04-24,15793.7,16109.0,15793.7,16109.0,4.04 %,20.0,319027.0,0.04035752804489756,0.03956443104176702,15725.779999999999,16875.25,16336.837067237051,16351.06640588555,52.03384798099762,-14.229338648498015,407.8151952710236,597.2285714285711,16875.25,979.7485711301345,18834.74714226027,14915.752857739732,1730.0
BNL,2024-04-28,15800.0,15800.0,15800.0,15800.0,-1.92 %,10.0,158000.0,-0.019181823825190847,-0.019368181982907372,15708.619999999999,16834.5,16254.246749200582,16310.24667211625,54.32339858340694,-55.99992291566741,315.0521716336854,570.5357142857141,16834.5,1007.693020298273,18849.886040596546,14819.113959403454,1720.0
BNL,2024-04-29,15550.0,16167.0,15505.1,16167.0,2.32 %,100.0,1592710.0,0.02322784810126577,0.022962187586548163,15826.019999999999,16729.025,16240.824172400493,16299.635807515046,58.54888957562495,-58.8116351145527,240.2794102840378,593.1714285714285,16729.025,957.990000428508,18645.005000857018,14813.044999142985,1820.0
BNL,2024-04-30,15845.0,15845.0,15240.0,15240.0,-5.73 %,61.0,945605.0,-0.05733902393765078,-0.05904857736096913,15760.019999999999,16563.844999999998,16086.851222800417,16221.144266217634,60.528558513674184,-134.29304341721763,165.36491954378673,634.2499999999998,16563.844999999998,912.3704334689826,18388.585866937963,14739.104133062032,1759.0
BNL,2024-05-02,15544.8,15855.6,15544.8,15800.1,3.68 %,31.0,487549.8,0.03675196850393703,0.03609271886831621,15823.220000000001,16435.85,16042.735650061892,16189.955802053364,60.789482812445804,-147.22015199147245,102.84790523673489,653.6285714285713,16435.85,822.2387791876251,18080.327558375247,14791.372441624748,1790.0
BNL,2024-05-05,15800.0,15800.0,15484.1,15484.1,-2.00 %,30.0,467691.0,-0.019999873418522718,-0.020202578152755054,15698.24,16295.054999999998,15956.791703898525,16137.670187086449,63.858623906500284,-180.87848318792385,46.102627551803145,638.1285714285713,16295.054999999998,721.1016349089597,17737.258269817918,14852.85173018208,1760.0
BNL,2024-05-06,15200.0,15200.0,15180.2,15180.2,-1.96 %,20.0,303802.0,-0.01962658469010148,-0.019821743862803616,15574.279999999999,16208.995,15837.316057144904,16066.74646952449,69.05872275625774,-229.43041237958641,-9.00398043447477,590.6214285714284,16208.995,747.1660397972244,17703.327079594448,14714.662920405552,1740.0
BNL,2024-05-07,15400.0,15450.0,15400.0,15450.0,1.78 %,40.0,617500.0,0.01777315186888173,0.017617056232496556,15430.88,16118.985,15777.728971430304,16021.06154585601,60.35701808381441,-243.3325744257054,-55.8696992327209,501.44285714285695,16118.985,723.18063134502,17565.34626269004,14672.623737309961,1780.0
BNL,2024-05-08,15449.9,15450.0,15449.9,15450.0,0.00 %,20.0,308999.0,0.0,0.0,15472.88,16011.725,15727.309129671798,15978.760690607418,64.56505506813515,-251.45156093562036,-94.98607157330079,455.592857142857,16011.725,647.8730519533256,17307.471103906653,14715.97889609335,1780.0
BNL,2024-05-09,15151.0,15454.0,15151.0,15454.0,0.03 %,20.0,306050.0,0.0002588996763754903,0.00025886616763775276,15403.66,15922.26,15685.261571260751,15939.889528340202,65.26108704935034,-254.62795707945043,-126.91444867453072,404.9499999999998,15922.26,589.7925954809513,17101.845190961903,14742.674809038097,1800.0
BNL,2024-05-12,15763.0,15763.0,15763.0,15763.0,2.00 %,10.0,157630.0,0.019994823346706436,0.019797552133013287,15459.439999999999,15865.460000000001,15697.221329528329,15926.786600315001,51.48192680544076,-229.56527078667204,-147.444613096959,403.8642857142855,15865.460000000001,543.6750542663552,16952.81010853271,14778.109891467291,1810.0
BNL,2024-05-13,15800.0,16078.0,15800.0,16078.0,2.00 %,52.0,830406.0,0.01998350567785323,0.019786456261363775,15639.0,15839.41,15755.802663447048,15937.987592884261,49.21337885247707,-182.1849294372132,-154.39267636500983,404.5214285714284,15839.41,518.5805016936011,16876.571003387202,14802.248996612798,1862.0
BNL,2024-05-14,16000.0,16000.0,16000.0,16000.0,-0.49 %,20.0,320000.0,-0.0048513496703570524,-0.0048631556659878925,15749.0,15842.279999999999,15793.371484455194,15942.581104522465,51.22823968688077,-149.20962006727132,-153.35606510546214,387.892857142857,15842.279999999999,519.3399268098808,16880.95985361976,14803.600146380237,1842.0
BNL,2024-05-15,16320.0,16398.0,16320.0,16398.0,2.49 %,30.0,490380.0,0.02487499999999998,0.024570653934204705,15938.6,15816.265,15886.391256077472,15976.3158375208,46.09780818446724,-89.92458144332886,-140.66976837303548,387.94285714285706,15816.265,473.621840351392,16763.508680702784,14869.021319297215,1872.0
BNL,2024-05-16,16200.0,16200.0,16071.0,16071.0,-1.99 %,40.0,644131.0,-0.019941456275155534,-0.020142970607053015,16062.0,15758.715,15914.792601296322,15983.329479185926,48.307673615329875,-68.53687788960451,-126.2431902763493,366.66428571428565,15758.715,346.7590006040849,16452.23300120817,15065.196998791831,1832.0
BNL,2024-05-19,16392.0,16392.0,16065.0,16065.0,-0.04 %,60.0,970442.0,-0.0003733432891543931,-0.00037341299911120766,16122.4,15751.465,15937.901431866117,15989.379147394377,56.23177087483863,-51.47771552825907,-111.29009532673126,367.94999999999993,15751.465,338.2381118227474,16427.941223645495,15074.988776354505,1772.0
BNL,2024-05-22,15801.0,15801.0,15746.0,15746.0,-1.99 %,30.0,472970.0,-0.019856831621537507,-0.020056627805546328,16056.0,15744.475,15908.378134655946,15971.3510624022,60.27625442058326,-62.972927746253845,-101.62666181063578,343.45714285714286,15744.475,336.757147972348,16417.989295944695,15070.960704055304,1742.0
BNL,2024-05-26,15432.0,15432.0,15432.0,15432.0,-1.99 %,10.0,154320.0,-0.019941572462847668,-0.020143089158847462,15942.4,15737.075,15835.089190862724,15931.39913185389,57.27702198123316,-96.30994099116651,-100.56331764674192,299.6714285714285,15737.075,342.14459527938016,16421.36419055876,15052.78580944124,1732.0
BNL,2024-05-27,15123.4,15555.0,15123.4,15450.0,0.12 %,60.0,918784.0,0.001166407465007735,0.0011657277403264727,15752.8,15731.075,15775.844699960766,15895.739936901751,57.49168947985921,-119.89523694098534,-104.42970150559061,286.5285714285714,15731.075,346.25618425022003,16423.58736850044,15038.56263149956,1792.0
BNL,2024-05-29,15550.0,16090.0,15550.0,16090.0,4.14 %,105.0,1659640.0,0.04142394822006468,0.04058895766053733,15756.6,15761.37,15824.176284582187,15910.129571205325,55.13698630136986,-85.95328662313841,-100.73441852910018,309.6714285714285,15761.37,349.9961144144417,16461.362228828883,15061.377771171117,1897.0
BNL,2024-05-30,16399.0,16411.0,16399.0,16399.0,1.92 %,30.0,492090.0,0.019204474829086493,0.019022396357016837,15823.4,15775.87,15912.610702338774,15946.342195560486,56.27061664483341,-33.7314932217123,-87.33383346762261,310.89285714285717,15775.87,370.5592304384036,16516.988460876808,15034.751539123194,1927.0
BNL,2024-06-02,16100.0,16100.0,15840.1,15840.1,-3.41 %,44.0,704401.0,-0.03408134642356242,-0.034675657863643385,15842.220000000001,15777.875,15901.455209671269,15938.472403296748,64.57148549280979,-37.017193625479194,-77.27050549919393,331.54285714285714,15777.875,370.8050670677276,16519.485134135455,15036.264865864545,1883.0
BNL,2024-06-03,16000.0,16000.0,16000.0,16000.0,1.01 %,20.0,320000.0,0.010094633240951723,0.010044022742116,15955.820000000002,15769.525,15916.61594664492,15943.030003052543,58.9040963295648,-26.41405640762241,-67.09921568087964,342.95714285714286,15769.525,363.38745144592565,16496.29990289185,15042.750097108148,1903.0
BNL,2024-06-04,15900.0,16050.0,15850.0,16050.0,0.31 %,160.0,2558490.0,0.0031250000000000444,0.0031201273362436777,16075.820000000002,15810.025,15937.13657023801,15950.953706530132,50.56832314929972,-13.817136292122086,-56.442799803128125,335.59999999999997,15810.025,345.9862225351684,16501.997445070338,15118.052554929664,2063.0
BNL,2024-06-05,16371.0,16449.1,16371.0,16449.1,2.49 %,20.0,328201.0,0.024866043613707145,0.024561914892440577,16147.64,15842.475,16015.900174816778,15987.853431972344,65.07716453047344,28.04674284443354,-39.5448912736158,342.03571428571416,15842.475,374.2839590119101,16591.04291802382,15093.90708197618,2083.0
BNL,2024-06-06,16151.0,16155.0,16151.0,16155.0,-1.79 %,50.0,807590.0,-0.01787939765701463,-0.018041165192003848,16098.84,15876.02,16037.30014792189,16000.23465923365,61.16863475074167,37.065488688238474,-24.22281528124494,340.8285714285712,15876.02,370.51990869154054,16617.05981738308,15134.980182616919,2033.0
BNL,2024-06-09,16478.0,16478.0,16478.0,16478.0,2.00 %,50.0,823900.0,0.0199938099659549,0.01979655861693679,16226.420000000002,15940.91,16105.100125164676,16035.624684475602,60.41307595082156,69.47544068907337,-5.4831640871812795,358.3285714285712,15940.91,355.58811610589004,16652.08623221178,15229.73376778822,2083.0
BNL,2024-06-12,16148.6,16148.6,16148.5,16148.5,-2.00 %,20.0,322971.0,-0.019996358781405488,-0.020198991795243936,16256.12,15975.835000000001,16111.777028985494,16043.985818958892,59.748225603878836,67.79121002660213,9.171710735575402,353.435714285714,15975.835000000001,338.737681888989,16653.31036377798,15298.359636222023,2063.0
BNL,2024-06-16,15825.6,15825.6,15825.6,15825.6,-2.00 %,20.0,316512.0,-0.019995665232064863,-0.02019828409471504,16211.24,15994.615,16067.749793756957,16027.809091628604,50.1807533800882,39.94070212835322,15.325509014130967,353.1428571428569,15994.615,317.8161886422797,16630.24737728456,15358.98262271544,2043.0
BNL,2024-06-18,16000.0,16000.0,16000.0,16000.0,1.10 %,40.0,640000.0,0.011020119300374054,0.010959840236341967,16121.420000000002,16021.914999999999,16057.32674856358,16025.749158915372,30.104859095590314,31.57758964820823,18.57592514094642,342.24285714285685,16021.914999999999,291.27614727888704,16604.467294557773,15439.362705442225,2083.0
BNL,2024-06-19,15680.1,15680.1,15680.0,15680.0,-2.00 %,20.0,313601.0,-0.020000000000000018,-0.020202707317519466,16026.420000000002,16017.765,15999.276479553799,16000.138110106827,31.42899032352655,-0.8616305530285899,14.688414002151418,342.3142857142854,16017.765,295.7166607536952,16609.19832150739,15426.331678492608,2063.0
BNL,2024-06-23,15680.0,15680.0,15368.0,15368.0,-1.99 %,20.0,310480.0,-0.01989795918367343,-0.020098589456006226,15804.420000000002,15982.265,15902.157021160907,15953.31306491373,42.353127307246076,-51.15604375282237,1.5195224511566607,342.1714285714283,15982.265,328.8640597011247,16639.99311940225,15324.53688059775,2043.0
BNL,2024-06-24,15600.0,15912.0,15600.0,15912.0,3.54 %,30.0,474240.0,0.03539823008849563,0.034786116085415604,15757.12,15977.865,15903.67132559769,15950.252837883083,47.3465491099006,-46.58151228539282,-8.100684496153235,350.1999999999997,15977.865,329.2028062727316,16636.270612545464,15319.459387454537,2073.0
BNL,2024-06-25,16199.0,16199.0,15875.1,15875.1,-0.23 %,20.0,320741.0,-0.0023190045248868696,-0.0023216975801572536,15767.02,15951.720000000001,15899.2757370442,15944.685961002855,52.08500648668685,-45.41022395865548,-15.562592388653684,327.6214285714282,15951.720000000001,314.51644354962497,16580.75288709925,15322.68711290075,2053.0
BNL,2024-07-01,15557.6,16218.0,15557.6,16218.0,2.16 %,100.0,1589606.0,0.02159986393786495,0.021369892550851734,15810.62,15959.070000000002,15948.3102390374,15964.931445373015,45.27376375447434,-16.62120633561426,-15.7743151780458,351.86428571428536,15959.070000000002,319.13436718055937,16597.33873436112,15320.801265638882,2153.0
BNL,2024-07-02,16500.0,16500.0,16500.0,16500.0,1.74 %,10.0,165000.0,0.01738808731039576,0.017238644384169277,15974.62,15980.820000000002,16033.1855868778,16004.566153123162,46.61479661479662,28.61943375463852,-6.895565391508937,332.08571428571395,15980.820000000002,340.82029467610164,16662.460589352206,15299.179410647797,2163.0
BNL,2024-07-03,16170.0,16170.0,15847.0,15847.0,-3.96 %,30.0,478640.0,-0.0395757575757576,-0.04038017294586374,16070.420000000002,15985.87,16004.541650435061,15992.89458622515,52.39739163789797,11.64706420991206,-3.1870394712247383,367.30714285714254,15985.87,337.8934978579549,16661.65699571591,15310.083004284092,2133.0
BNL,2024-07-04,15541.0,15541.0,15541.0,15541.0,-1.93 %,10.0,155410.0,-0.019309648513914257,-0.019498515027196284,15996.220000000001,15991.320000000002,15933.22755036813,15959.420913171434,56.16776315789473,-26.1933628033039,-7.788304137640571,374.8785714285711,15991.320000000002,329.2584644637092,16649.83692892742,15332.803071072583,2123.0
BNL,2024-07-07,15851.0,15851.8,15851.0,15851.8,2.00 %,20.0,317028.0,0.01999871308152623,0.019801365610605585,15991.559999999998,16011.41,15920.700234926879,15951.448993677255,56.16776315789473,-30.74875875037651,-12.380395060187759,368.5714285714283,16011.41,305.9220676473529,16623.254135294705,15399.565864705293,2143.0
BNL,2024-07-08,16168.0,16399.0,16168.0,16399.0,3.45 %,20.0,325670.0,0.03451973908325878,0.03393729881722816,16027.759999999998,16026.86,15994.2848141689,15984.600920071533,45.97233523189585,9.683894097366647,-7.9675372286768775,386.3642857142856,16026.86,317.6768871534826,16662.213774306965,15391.506225693036,2163.0
BNL,2024-07-09,16075.0,16075.0,15760.0,15760.0,-3.90 %,50.0,794320.0,-0.03896579059698757,-0.039745272931575454,15879.759999999998,15994.91,15958.240996604452,15967.963814881048,45.93495934959349,-9.722818276595717,-8.318593438260645,408.9357142857142,15994.91,310.32779935509916,16615.5655987102,15374.254401289802,2113.0
BNL,2024-07-11,15463.1,15605.0,15463.1,15505.0,-1.62 %,80.0,1241117.0,-0.016180203045685237,-0.01631253187732076,15811.359999999997,15978.155000000002,15888.51161251146,15933.670198963933,43.50042480883602,-45.15858645247317,-15.686592041103152,406.6071428571427,15978.155000000002,327.6868361793161,16633.528672358636,15322.78132764137,2033.0
BNL,2024-07-14,15815.0,16131.3,15815.0,16000.5,3.20 %,30.0,479468.0,0.03195743308610122,0.03145741919909786,15903.259999999998,15978.180000000002,15905.740595202005,15938.620554596235,31.390134529147986,-32.879959394229445,-19.12526551172841,428.2785714285713,15978.180000000002,327.68860957020166,16633.557219140406,15322.802780859598,2063.0
BNL,2024-07-15,15705.0,15705.0,15705.0,15705.0,-1.85 %,10.0,157050.0,-0.018468172869597788,-0.018640838760900252,15873.9,15960.930000000002,15874.857426709388,15921.315328329847,35.0,-46.45790162045887,-24.591792733474506,436.9285714285713,15960.930000000002,332.75046933408186,16626.430938668167,15295.429061331839,2053.0
BNL,2024-07-16,15999.0,15999.0,15999.0,15999.0,1.87 %,30.0,479970.0,0.018720152817574,0.01854708729596496,15793.9,15938.425,15893.956284138712,15927.069748453563,33.33333333333333,-33.11346431485072,-26.29612704974975,435.07142857142844,15938.425,312.6074129082823,16563.639825816565,15313.210174183434,2083.0
BNL,2024-07-17,16318.0,16595.0,16318.0,16595.0,3.73 %,130.0,2143530.0,0.03725232827051683,0.03657522488536301,15960.9,15960.425,16001.809163501988,15976.546063382928,39.70714900947459,25.263100119060255,-15.98428161598775,455.3571428571427,15960.425,342.6867909775234,16645.798581955045,15275.051418044952,2213.0
BNL,2024-07-18,16642.0,17000.0,16642.0,17000.0,2.44 %,80.0,1339620.0,0.0244049412473637,0.024111898884278178,16259.9,15986.525,16155.376984501681,16052.357466095304,33.89694041867955,103.01951840637776,7.816478388485352,445.4285714285713,15986.525,399.37178283023394,16785.268565660466,15187.781434339531,2293.0
BNL,2024-07-21,17340.0,17800.0,17340.0,17501.0,2.95 %,85.0,1493032.0,0.029470588235294137,0.0290446780978043,16560.0,16054.15,16362.395909962961,16159.664320458614,30.651619949035307,202.73158950434663,46.799500611657606,479.4357142857142,16054.15,523.4699212189756,17101.089842437952,15007.210157562049,2378.0
BNL,2024-07-22,17400.0,17646.0,17300.0,17646.0,0.83 %,70.0,1218460.0,0.008285240843380448,0.008251106645892686,16948.2,16145.170000000002,16559.87346227635,16269.763259683903,28.076025341780593,290.11020259244833,95.46164100781576,456.97857142857134,16145.170000000002,629.2206090411014,17403.611218082206,14886.728781917798,2448.0
BNL,2024-07-23,17995.0,19410.6,17995.0,19410.6,10.00 %,240.0,4511894.0,0.09999999999999987,0.09531017980432474,17630.52,16315.7,16998.446775772296,16502.41783304065,30.136005726556917,496.02894273164566,175.57510135258173,562.8785714285713,16315.7,961.9826582307987,18239.6653164616,14391.734683538403,2688.0
BNL,2024-07-24,19798.8,21351.6,18438.9,18800.0,-3.15 %,505.0,9750594.0,-0.03145703893748775,-0.031962438768334295,18071.52,16471.7,17275.608810268866,16672.60910466727,28.894989704873026,602.9997056015964,261.06002220238463,724.2857142857139,16471.7,1096.974644911587,18665.649289823174,14277.750710176828,2183.0
BNL,2024-07-25,19176.0,20679.0,19176.0,20600.0,9.57 %,100.0,2011505.0,0.0957446808510638,0.09143420595963185,18791.52,16733.3,17787.053608689042,16963.52694876599,38.039974210186976,823.5266599230526,373.5533497465183,836.6428571428568,16733.3,1401.4978840324125,19536.295768064825,13930.304231935173,2283.0
BNL,2024-07-28,21000.0,21012.0,20000.0,20650.0,0.24 %,200.0,4114672.0,0.0024271844660195274,0.0024242436115064756,19421.32,16970.2,18227.50689965996,17236.599026635176,38.86768447837151,990.907873024782,497.0242544021711,886.7285714285711,16970.2,1636.1589013681653,20242.517802736333,13697.88219726367,2483.0
BNL,2024-07-29,20238.0,20640.0,19000.0,19000.0,-7.99 %,348.0,6788018.0,-0.07990314769975781,-0.08327634024060124,19692.120000000003,17126.445,18346.351992019965,17367.2213209585,37.86798884412767,979.1306710614663,593.4455377340302,965.4999999999997,17126.445,1674.8275180557582,20476.100036111515,13776.789963888483,2135.0
BNL,2024-07-30,19380.0,19500.0,19000.0,19500.0,2.63 %,50.0,966400.0,0.026315789473684292,0.025975486403260736,19710.0,17290.545,18523.83630093997,17525.204926813425,37.69278223318939,998.631374126544,674.482705012533,955.5714285714282,17290.545,1740.6262017401048,20771.797403480206,13809.292596519788,2185.0
BNL,2024-07-31,19110.0,19110.0,18370.0,18768.0,-3.75 %,205.0,3800956.0,-0.03753846153846152,-0.03826117365858145,19703.6,17403.945,18561.399946949205,17617.263821123543,42.776203966005674,944.136125825662,728.4133891751588,1015.0785714285711,17403.945,1760.1813989876387,20924.307797975278,13883.582202024721,1980.0
BNL,2024-08-01,18500.0,19143.0,18400.0,19143.0,2.00 %,50.0,933110.0,0.0199808184143222,0.019783821643199823,19412.2,17568.745,18650.876878187788,17730.281315855133,46.62756598240469,920.5955623326554,766.8498238066582,1023.4142857142854,17568.745,1761.0341810469688,21090.813362093937,14046.676637906061,2030.0
BNL,2024-08-05,19525.8,19916.0,18968.0,18970.0,-0.90 %,80.0,1555748.0,-0.009037245990701548,-0.00907832960739667,19076.2,17740.195,18699.972743081973,17822.112329495496,55.3921568627451,877.8604135864771,789.0519417626219,1070.0214285714283,17740.195,1719.6610756881205,21179.51715137624,14300.87284862376,1950.0
BNL,2024-08-06,19050.0,19080.0,18032.0,18032.0,-4.94 %,130.0,2415217.0,-0.049446494464944646,-0.05071082664950235,18882.6,17849.204999999998,18597.20770568475,17837.659564347683,52.31481481481482,759.5481413370653,783.1511816775106,1123.8785714285711,17849.204999999998,1661.7825079287236,21172.770015857444,14525.639984142552,1820.0
BNL,2024-08-07,18392.6,19835.2,18392.6,19835.2,10.00 %,160.0,3120354.0,0.10000000000000009,0.09531017980432493,18949.64,18021.015,18787.668058656327,17985.62552254415,47.80846212313149,802.0425361121779,786.9294525644441,1210.1071428571427,18021.015,1681.4719279547871,21383.958855909572,14658.071144090425,1980.0
BNL,2024-08-08,19439.0,20625.0,19404.4,19450.0,-1.94 %,130.0,2576541.0,-0.019420020972816032,-0.019611067037290077,19086.04,18205.515,18889.565280401508,18094.097706059398,59.778761061946895,795.4675743421103,788.6370769199774,1268.3642857142854,18205.515,1621.7049726088298,21448.92494521766,14962.10505478234,1850.0
BNL,2024-08-11,19780.0,19850.0,19425.0,19800.0,1.80 %,120.0,2367491.0,0.01799485861182526,0.01783486763603432,19217.440000000002,18420.265,19029.632160339737,18220.460838943887,65.9953202562925,809.1713213958501,792.743925815152,1241.578571428571,18420.265,1526.8795707086301,21474.02414141726,15366.50585858274,1970.0
BNL,2024-08-12,19450.0,19500.0,19200.1,19500.0,-1.52 %,104.0,2019501.4,-0.015151515151515138,-0.01526747213078842,19323.440000000002,18595.239999999998,19101.99644336439,18315.24151754064,67.88204597597732,786.7549258237523,791.5461258168721,1259.7142857142856,18595.239999999998,1432.5924834295881,21460.424966859173,15730.055033140821,1866.0
BNL,2024-08-13,19150.0,19150.0,19111.0,19111.0,-1.99 %,20.0,382610.0,-0.019948717948717998,-0.020150380062856972,19539.24,18765.54,19103.381605923714,18374.186590315403,59.57400607998736,729.1950156083112,779.07590377516,1161.4571428571428,18765.54,1263.382730858544,21292.30546171709,16238.774538282913,1846.0
BNL,2024-08-14,18750.0,18768.0,18400.0,18700.0,-2.15 %,215.0,4007155.0,-0.021505938988017337,-0.021740561646303218,19312.2,18900.59,19041.322897320068,18398.320916958706,63.9207645133376,643.0019803613613,751.8611190924003,1004.1928571428572,18900.59,1083.6673707467019,21067.924741493403,16733.255258506597,1631.0
BNL,2024-08-15,18999.0,19074.0,18401.0,18691.7,-0.04 %,172.0,3234337.0,-0.00044385026737958633,-0.00044394879806583905,19160.54,19005.425,18987.534759270828,18420.05270088769,58.532433001128595,567.4820583831388,714.985306950548,918.0500000000001,19005.425,940.8967356925315,20887.218471385062,17123.631528614937,1459.0
BNL,2024-08-18,18691.7,18691.7,17702.0,17702.0,-5.29 %,90.0,1639777.0,-0.052948634955622076,-0.054401947515789875,18740.94,19040.525,18789.76018092147,18366.863611933044,55.06503505004255,422.8965689884244,656.5675593581233,916.4571428571429,19040.525,872.7751798746818,20786.075359749364,17294.97464025064,1369.0
BNL,2024-08-21,18052.0,18056.0,18000.0,18000.0,1.68 %,30.0,541080.0,0.01683425601626931,0.016694130349479457,18440.94,19065.475,18668.258614625858,18339.688529567633,60.055877836546664,328.57008505822523,590.9680644981437,823.8857142857144,19065.475,832.6589867944103,20730.792973588817,17400.15702641118,1399.0
BNL,2024-08-22,18000.0,18000.0,17294.0,17294.0,-3.92 %,130.0,2291530.0,-0.03922222222222227,-0.04001213735792626,18077.54,19047.875,18456.834212375725,18262.23011997003,60.76738816116017,194.60409240569425,511.6952700796538,838.6000000000001,19047.875,867.2436062030206,20782.362212406042,17313.387787593958,1269.0
BNL,2024-08-25,17400.0,17400.0,17052.0,17052.0,-1.40 %,170.0,2913347.0,-0.013993292471377372,-0.014092121635274605,17747.94,18929.945,18240.70587201023,18172.583444416694,55.6953379747951,68.12242759353467,422.98070158243,782.7428571428572,18929.945,969.6422527895301,20869.22950557906,16990.66049442094,1099.0
BNL,2024-08-27,16750.0,17085.0,16750.0,16752.0,-1.76 %,70.0,1184680.0,-0.017593244194229363,-0.0177498447747828,17360.0,18827.545000000002,18011.67419939327,18067.35504112657,55.50909332271339,-55.68084173330135,327.2483929192838,753.6000000000001,18827.545000000002,1085.3270035848839,20998.19900716977,16656.890992830235,1029.0
BNL,2024-08-28,17087.0,17238.0,16900.0,17238.0,2.90 %,61.0,1037988.0,0.029011461318051657,0.02859859509702654,17267.2,18659.445,17892.647399486614,18005.921334376457,51.91305179587737,-113.27393488984308,239.14392735745844,720.6000000000001,18659.445,1056.3259009041979,20772.096801808395,16546.793198191604,1090.0
BNL,2024-09-01,16902.0,16902.0,16902.0,16902.0,-1.95 %,10.0,169020.0,-0.019491820396797754,-0.019684291102916935,17047.6,18472.045000000002,17740.240107257905,17924.149383681906,52.41440919407021,-183.9092764240013,154.5332866011665,669.7428571428572,18472.045000000002,1016.3037333370102,20504.652466674022,16439.43753332598,1080.0
BNL,2024-09-02,17240.0,17240.0,16898.0,17235.9,1.98 %,80.0,1369798.0,0.019755058572950013,0.019562459804305748,17035.98,18383.84,17662.649321525918,17873.167947853617,47.68926580589832,-210.51862632769917,81.52290401539338,565.3714285714286,18383.84,1044.2400366320323,20472.320073264065,16295.359926735935,1160.0
BNL,2024-09-03,17379.9,17379.9,17033.0,17370.0,0.78 %,70.0,1201559.0,0.007780272570622859,0.00775016232641725,17099.579999999998,18277.34,17617.626348983467,17835.89624801261,32.71679805942995,-218.26989902914283,21.56434340648613,502.96428571428595,18277.34,1032.9701994988206,20343.280398997642,16211.399601002358,1230.0
BNL,2024-09-04,17100.0,17300.0,17023.0,17125.0,-1.41 %,81.0,1387944.0,-0.014104778353483005,-0.014205196104724567,17174.18,18195.19,17541.837679909087,17783.23726667834,29.167150319210663,-241.3995867692538,-31.028442628661857,497.3928571428574,18195.19,1056.9491602074138,20309.088320414827,16081.29167958517,1149.0
BNL,2024-09-05,17036.0,17150.0,16900.0,16900.0,-1.31 %,95.0,1618860.0,-0.013138686131386912,-0.01322576221926125,17106.579999999998,18083.04,17443.093421461534,17717.812283961426,37.66526019690577,-274.71886249989257,-79.766526602908,472.40000000000015,18083.04,1070.0051625059903,20223.05032501198,15943.02967498802,1054.0
BNL,2024-09-08,17000.0,17000.0,16600.0,16600.0,-1.78 %,50.0,839231.0,-0.017751479289940808,-0.01791092656653022,17046.18,17964.54,17313.38674123668,17635.01137403836,41.37824474660074,-321.6246328016787,-128.13814784266214,473.1857142857144,17964.54,1097.489347940152,20159.518695880306,15769.561304119698,1004.0
BNL,2024-09-09,16301.0,16932.0,16301.0,16932.0,2.00 %,60.0,1005920.0,0.020000000000000018,0.01980262729617973,16985.4,17909.54,17254.7118579695,17582.936457442927,43.23758228605625,-328.22459947342577,-168.15543816881487,467.4714285714287,17909.54,1121.2366881918206,20152.013376383642,15667.06662361636,1064.0
BNL,2024-09-10,16660.0,16993.0,16660.0,16993.0,0.36 %,40.0,673060.0,0.0036026458776281522,0.003596171893291171,16910.0,17767.43,17214.448495204964,17539.2374605953,42.59897998290146,-324.78896539033667,-199.48214361311923,443.1857142857144,17767.43,1041.6140461600376,19850.658092320075,15684.201907679926,1104.0
BNL,2024-09-11,16900.0,16900.0,16800.1,16800.1,-1.14 %,20.0,337001.0,-0.011351733066556902,-0.011416655779518253,16845.02,17634.935,17150.70257286574,17484.48653758824,40.31808035714286,-333.78396472250097,-226.34250783499562,386.27142857142877,17634.935,983.2230465346249,19601.381093069253,15668.488906930752,1084.0
BNL,2024-09-12,16850.0,16850.0,16502.0,16502.0,-1.77 %,50.0,834840.0,-0.017743942000345125,-0.0179032530902987,16765.420000000002,17470.035,17050.90217704024,17411.709757026147,32.13263358778626,-360.80757998590707,-253.2355222651779,385.8428571428573,17470.035,871.1764183381018,19212.387836676204,15727.682163323796,1034.0
BNL,2024-09-15,16832.0,16832.0,16500.5,16600.0,0.59 %,90.0,1495326.0,0.005938674100109065,0.005921109680346075,16765.420000000002,17325.035,16981.53261134174,17351.583108357543,39.24234833846226,-370.05049701580356,-276.59851721530305,359.0928571428573,17325.035,748.1810112216226,18821.397022443245,15828.672977556755,1124.0
BNL,2024-09-16,16268.0,16549.9,16268.0,16549.9,-0.30 %,30.0,493677.0,-0.003018072289156515,-0.0030226358537527817,16689.0,17196.98,16915.12759421224,17292.199174405134,32.97452242067071,-377.0715801928927,-296.693129810821,357.9500000000002,17196.98,637.3845947967245,18471.749189593447,15922.21081040655,1094.0
BNL,2024-09-18,16548.9,16549.0,16300.0,16300.0,-1.51 %,40.0,656979.0,-0.015099789122593021,-0.015214951696028142,16550.4,17076.98,16820.49257971805,17218.702939264014,32.09076175040519,-398.210359545963,-316.9965757578494,351.8714285714289,17076.98,560.8465083199744,18198.67301663995,15955.28698336005,1054.0
BNL,2024-09-22,16300.1,17199.0,16300.1,16680.0,2.33 %,60.0,1006172.0,0.02331288343558291,0.023045289117884137,16526.379999999997,16976.394999999997,16798.878336684505,17178.79901783705,24.96510468594218,-379.9206811525437,-329.58139683678826,381.3714285714289,16976.394999999997,418.2893049137527,17812.973609827503,16139.816390172491,1114.0
BNL,2024-09-23,16349.0,16349.0,16025.0,16025.0,-3.93 %,40.0,650684.0,-0.03926858513189446,-0.04006039412386694,16430.98,16892.545,16679.820131040735,17093.332423923195,24.52978056426332,-413.5122928824603,-346.3675760459227,404.1571428571432,16892.545,433.0057912277929,17758.556582455585,16026.533417544413,1074.0
BNL,2024-09-24,16025.0,16025.0,15800.1,15800.1,-1.40 %,30.0,477251.0,-0.014034321372854874,-0.014133733679917283,16271.0,16782.55,16544.478572419084,16997.537429558513,24.17455107163545,-453.05885713942916,-367.705832264624,395.79285714285743,16782.55,415.95722135811224,17614.464442716224,15950.635557283775,1044.0
BNL,2024-09-25,16116.0,16116.0,16116.0,16116.0,2.00 %,10.0,161160.0,0.019993544344655945,0.019796298202284318,16184.220000000001,16723.65,16478.55879204692,16932.23836070233,30.31794095382287,-453.67956865541055,-384.9005795427813,393.5785714285716,16723.65,423.06596412375177,17569.781928247507,15877.518071752498,1054.0
BNL,2024-09-26,16438.0,17100.0,16424.8,16931.0,5.06 %,80.0,1337778.0,0.05057086125589483,0.049333693816993984,16310.420000000002,16717.6,16548.16513173201,16932.146630279934,26.519846073241695,-383.9814985479243,-384.71676334380993,439.0785714285716,16717.6,418.96863593197077,17555.53727186394,15879.662728136056,1134.0
BNL,2024-09-29,17269.0,18155.0,17100.0,17100.0,1.00 %,140.0,2476928.0,0.009981690390408193,0.009932202362519467,16394.420000000002,16735.0,16633.06280377324,16944.58021322216,41.93364171092456,-311.517409448923,-370.0768925648326,508.65000000000015,16735.0,427.60968675941643,17590.219373518834,15879.780626481168,1274.0
BNL,2024-09-30,16760.0,16760.0,16760.0,16760.0,-1.99 %,10.0,167600.0,-0.019883040935672502,-0.020083368454677165,16541.420000000002,16711.1,16652.59160319274,16930.907604835334,38.61485065208245,-278.3160016425936,-351.7247143803848,504.36428571428587,16711.1,411.0540136104042,17533.208027220808,15888.99197277919,1264.0
BNL,2024-10-01,17090.0,17430.0,17090.0,17430.0,4.00 %,50.0,867499.0,0.03997613365155139,0.03919776447799265,16867.4,16737.5,16772.192895009244,16967.87741188457,33.608467929909224,-195.68451687532433,-320.5166748793727,507.15000000000015,16737.5,439.9029701625743,17617.30594032515,15857.694059674852,1314.0
BNL,2024-10-02,17510.0,17510.0,17510.0,17510.0,0.46 %,10.0,175100.0,0.004589787722317773,0.0045792867658308615,17146.2,16751.205,16885.701680392438,17008.03464063386,38.35568101623148,-122.33296024142328,-280.87993195178285,489.0785714285716,16751.205,460.0557740500627,17671.316548100127,15831.093451899877,1324.0
BNL,2024-10-06,17510.0,17798.0,17510.0,17798.0,1.64 %,70.0,1231290.0,0.016447744146202092,0.01631394513690993,17319.6,16772.605000000003,17026.05526802437,17066.5505931795,35.96406393158912,-40.49532515513056,-232.80301059245238,495.8714285714286,16772.605000000003,498.6871347796107,17769.979269559226,15775.230730440782,1394.0
BNL,2024-10-07,17445.0,17700.0,17445.0,17445.0,-1.98 %,50.0,877350.0,-0.019833689178559433,-0.020033016795933098,17388.6,16788.605000000003,17090.50830371293,17094.583882573614,43.46610213789138,-4.0755788606838905,-187.0575242460987,496.22857142857146,16788.605000000003,515.440593825437,17819.486187650877,15757.72381234913,1344.0
BNL,2024-10-08,17100.0,17100.0,17100.0,17100.0,-1.98 %,20.0,342000.0,-0.019776440240756643,-0.01997461113012326,17456.6,16798.605000000003,17091.968564680174,17094.98507645705,33.630225223224215,-3.0165117768774508,-150.24932175225445,497.1928571428572,16798.605000000003,519.6384932410763,17837.881986482156,15759.32801351785,1324.0
BNL,2024-10-16,17442.0,17442.0,17442.0,17442.0,2.00 %,10.0,174420.0,0.020000000000000018,0.01980262729617973,17459.0,16840.705,17145.81955472938,17120.68988560838,38.16880975113768,25.129669121000916,-115.17352357760338,497.9071428571429,16840.705,536.534890683742,17913.774781367487,15767.635218632518,1334.0
BNL,2024-10-17,17780.0,17780.0,17780.0,17780.0,1.94 %,10.0,177800.0,0.019378511638573626,0.019193139280964715,17513.0,16883.105000000003,17243.385777078707,17169.52767185961,49.49271539304411,73.85810521909661,-77.36719781826338,504.19999999999993,16883.105000000003,576.1719959534793,18035.44899190696,15730.761008093044,1344.0
BNL,2024-10-21,17750.0,17750.0,17650.0,17650.0,-0.73 %,20.0,354000.0,-0.007311586051743535,-0.007338446706452748,17483.4,16915.955,17305.94181137429,17205.118214684826,48.51034208432777,100.82359668946447,-41.72903891671781,449.27142857142854,16915.955,600.9631650634856,18117.881330126973,15714.02866987303,1324.0
BNL,2024-10-22,17297.0,17615.0,16951.1,17615.0,-0.20 %,51.0,887886.0,-0.001983002832861236,-0.0019849715861048616,17517.4,16956.7,17353.489225009012,17235.479828411877,58.10910108821162,118.00939659713549,-9.781351813947154,452.4071428571429,16956.7,620.0176661319858,18196.735332263972,15716.66466773603,1273.0
BNL,2024-10-24,17263.0,17263.0,17263.0,17263.0,-2.00 %,10.0,172630.0,-0.01998296906045982,-0.020185328958789123,17550.0,16994.75,17339.567805776856,17237.518359640628,60.19367539861306,102.04944613622865,12.584807776088008,461.4857142857144,16994.75,613.9658729586366,18222.681745917274,15766.818254082727,1263.0
BNL,2024-10-30,17600.0,17600.0,17000.0,17000.0,-1.52 %,51.0,876110.0,-0.015234895441116891,-0.015352138778195794,17461.6,17014.75,17287.32660488811,17219.924407074657,60.719661171199554,67.4021978134515,23.548285783560708,481.7785714285715,17014.75,606.9044739712191,18228.558947942438,15800.941052057562,1212.0
BNL,2024-11-06,17100.0,17100.0,16758.0,16758.0,-1.42 %,20.0,338580.0,-0.014235294117647013,-0.014337587865121322,17257.2,17025.155000000002,17205.891742597632,17185.707784328388,64.1525586596083,20.183958269244613,22.87542028069749,435.9214285714287,17025.155000000002,600.262991902162,18225.680983804326,15824.629016195679,1192.0
BNL,2024-11-10,17093.0,17300.0,17093.0,17300.0,3.23 %,20.0,343930.0,0.032342761666069864,0.031830745312638485,17187.2,17075.155000000002,17220.36993604415,17194.173874378135,59.92656393429816,26.19606166601443,23.539548557760877,387.20714285714297,17075.155000000002,577.9131026237228,18230.981205247448,15919.328794752557,1212.0
BNL,2024-11-11,17200.0,17200.0,17200.0,17200.0,-0.58 %,21.0,361200.0,-0.005780346820809301,-0.005797117684325958,17104.2,17101.155000000002,17217.236099729664,17194.605439239014,67.01194222713158,22.63066049064946,23.357770944338593,370.0642857142858,17101.155000000002,570.8537617832369,18242.862523566477,15959.447476433528,1191.0
BNL,2024-11-12,17002.0,17200.0,17001.0,17200.0,0.00 %,30.0,512030.0,0.0,0.0,17091.6,17159.905000000002,17214.584392078945,17195.00503633242,66.16728574809389,19.579355746525835,22.602087904776045,336.4214285714287,17159.905000000002,511.66579499036845,18183.23658998074,16136.573410019266,1191.0
BNL,2024-11-13,17100.0,17100.0,17000.0,17000.0,-1.16 %,29.0,494900.0,-0.011627906976744207,-0.011696039763191298,17091.6,17219.9,17181.571408682186,17180.560218826315,66.58163265306123,1.0111898558716348,18.283908294995165,344.99285714285725,17219.9,402.5411257184855,18024.982251436973,16414.81774856303,1162.0
BNL,2024-11-14,17340.0,17686.0,17000.0,17000.0,0.00 %,50.0,866920.0,0.0,0.0,17140.0,17264.1,17153.637345808005,17167.185387802143,69.97393774967423,-13.548041994137748,11.917518237168583,373.4214285714287,17264.1,313.673967511979,17891.447935023956,16636.75206497604,1162.0
BNL,2024-11-19,16800.0,16800.0,16662.0,16662.0,-1.99 %,21.0,351282.0,-0.019882352941176462,-0.020082666503498575,17012.4,17250.65,17078.00083106831,17129.764247964948,63.687744705931884,-51.763416896636045,-0.8186687895923441,372.3500000000001,17250.65,333.82839509003725,17918.306790180075,16582.993209819928,1141.0
BNL,2024-11-21,16700.0,16700.0,16366.0,16400.0,-1.57 %,110.0,1810300.0,-0.015724402832793194,-0.01584934272256477,16852.4,17215.65,16973.693010903957,17075.70763700458,78.56615545818252,-102.01462610062299,-21.057860251798477,371.5642857142858,17215.65,383.4604590882596,17982.57091817652,16448.729081823483,1031.0
BNL,2024-11-24,16400.0,16700.0,16400.0,16700.0,1.83 %,20.0,331000.0,0.018292682926829285,0.0181273845925567,16752.4,17212.65,16931.58639384181,17047.87744167091,79.21170546932743,-116.2910478290978,-40.104497767258344,368.5642857142858,17212.65,387.4270423678024,17987.504084735607,16437.795915264396,1051.0
BNL,2024-11-25,16550.0,16550.0,16550.0,16550.0,-0.90 %,10.0,165500.0,-0.008982035928143728,-0.00902261759963753,16662.4,17168.65,16872.880794789224,17010.997631176768,70.60654273432704,-138.11683638754403,-59.70696549131548,355.1357142857144,17168.65,410.7143039555009,17990.078607911004,16347.221392088999,1041.0
BNL,2024-11-26,16550.0,16550.0,16540.0,16540.0,-0.06 %,43.0,711550.0,-0.0006042296072507058,-0.000604412227526602,16570.4,17120.15,16821.66836482165,16976.108917756268,70.19118708030412,-154.4405529346186,-78.65368297997611,346.5642857142858,17120.15,425.2970819259206,17970.744163851843,16269.55583614816,998.0
BNL,2024-11-27,16210.0,16600.0,16209.2,16300.0,-1.45 %,252.0,4129334.0,-0.0145102781136639,-0.014616581782828661,16498.0,17045.25,16741.411693310627,16926.026775700248,62.471615720524014,-184.6150823896205,-99.845962861905,324.5571428571428,17045.25,431.4992071712745,17908.24841434255,16182.25158565745,746.0
BNL,2024-11-28,16300.0,16300.0,16200.0,16200.0,-0.61 %,81.0,1318300.0,-0.006134969325153339,-0.0061538655743782235,16458.0,16983.0,16658.117586647455,16872.247014537264,63.725539853787836,-214.12942788980945,-122.7026558674859,306.5571428571428,16983.0,459.6787207558698,17902.35744151174,16063.64255848826,665.0
BNL,2024-12-01,16200.0,16200.0,16200.0,16200.0,0.00 %,10.0,162000.0,0.0,0.0,16358.0,16938.0,16587.63795793246,16822.450939386355,59.96556019638016,-234.8129814538952,-145.12472098476778,263.69999999999993,16938.0,490.6325669882056,17919.265133976412,15956.73486602359,665.0
BNL,2024-12-02,16200.0,16280.0,16200.0,16280.0,0.49 %,58.0,940400.0,0.004938271604938205,0.0049261183360557815,16304.0,16879.9,16540.309041327466,16782.2693883207,60.95966272464183,-241.96034699323354,-164.49184618646092,244.98571428571424,16879.9,496.5736177997156,17873.04723559943,15886.75276440057,723.0
BNL,2024-12-03,16350.0,16600.0,16350.0,16600.0,1.97 %,110.0,1808500.0,0.019656019656019597,0.01946533478810325,16316.0,16820.9,16549.492265738623,16768.767952148795,53.00161842749068,-219.27568641017206,-175.44861423120315,229.12857142857138,16820.9,452.11001222916383,17725.12002445833,15916.679975541674,833.0
BNL,2024-12-04,16600.0,16600.0,16600.0,16600.0,0.00 %,68.0,1128800.0,0.0,0.0,16376.0,16768.4,16557.26268639422,16756.266622359995,47.23772425933556,-199.00393596577487,-180.1596785781175,221.98571428571424,16768.4,409.74515828353714,17587.890316567074,15948.909683432927,833.0
BNL,2024-12-05,16700.0,16700.0,16370.0,16370.0,-1.39 %,32.0,527801.0,-0.013855421686747027,-0.013952303979454054,16410.0,16706.15,16528.45304233357,16727.654279962957,51.675704677410074,-199.20123762938601,-183.96799038837122,231.3428571428571,16706.15,366.66495175031787,17439.479903500636,15972.820096499367,801.0
BNL,2024-12-08,16367.0,16694.0,16050.0,16694.0,1.98 %,50.0,815321.0,0.019792302993280497,0.019598982045501485,16508.8,16677.7,16553.921805051483,16725.16137033607,43.62378866847664,-171.23956528458802,-181.4223053676146,263.0571428571428,16677.7,342.460001506068,17362.620003012136,15992.779996987865,851.0
BNL,2024-12-09,16999.0,17000.0,16800.0,16800.0,0.63 %,40.0,676240.0,0.00634958667784824,0.0063295129806682365,16612.8,16667.7,16591.779988889717,16730.7049725334,42.98910283951099,-138.92498364368294,-172.92284102282827,235.91428571428565,16667.7,335.4006402403568,17338.501280480716,15996.898719519288,891.0
BNL,2024-12-12,16464.0,16464.0,16464.0,16464.0,-2.00 %,10.0,164640.0,-0.020000000000000018,-0.020202707317519466,16585.6,16653.0,16572.12152906053,16710.949048642036,52.539233234816635,-138.82751958150766,-166.10377673456415,235.77142857142852,16653.0,337.66972340620055,17328.339446812402,15977.6605531876,881.0
BNL,2024-12-16,16500.0,16793.0,16500.0,16700.0,1.43 %,53.0,882360.0,0.014334305150631721,0.01423254033101567,16605.6,16623.0,16591.795139974296,16710.138008001886,43.43842689223334,-118.34286802759016,-156.55159499316937,235.41428571428565,16623.0,301.9233084915484,17226.846616983097,16019.153383016903,934.0
BNL,2024-12-23,16500.0,17000.0,16500.0,17000.0,1.80 %,103.0,1723500.0,0.017964071856287456,0.017804624633506686,16731.6,16613.0,16654.59588767056,16731.609266668413,44.514849778007665,-77.01337899785358,-140.64395179410621,249.69999999999996,16613.0,284.62311183287613,17182.246223665752,16043.753776334248,1037.0
BNL,2024-12-24,16700.0,16700.0,16660.0,16675.0,-1.91 %,39.0,650290.0,-0.019117647058823573,-0.01930275225452871,16727.8,16586.75,16657.734981875088,16727.41598765594,48.254938637711575,-69.68100578085068,-126.45136259145512,263.27142857142854,16586.75,249.70400898908082,17086.158017978163,16087.341982021839,998.0
BNL,2024-12-29,16500.0,16500.0,16341.6,16341.6,-2.00 %,20.0,328416.0,-0.019994002998500737,-0.02019658794695787,16636.120000000003,16553.829999999998,16609.09883081738,16698.83702560735,58.480479091166124,-89.7381947899703,-119.10872903115816,286.3714285714285,16553.829999999998,235.34277151682073,17024.515543033638,16083.144456966356,978.0
BNL,2024-12-31,16014.8,16014.8,16014.8,16014.8,-2.00 %,10.0,160148.0,-0.019998041807411826,-0.02020070916381354,16546.28,16504.57,16517.66824146086,16648.167616303104,47.828486419042136,-130.49937484224574,-121.38685819337567,281.80000000000007,16504.57,240.09788595916484,16984.76577191833,16024.37422808167,968.0
BNL,2025-01-02,16335.0,16335.0,16335.0,16335.0,2.00 %,10.0,163350.0,0.019994005544871074,0.019796750362117504,16473.28,16488.219999999998,16489.565435082266,16624.970015095467,47.40063381474224,-135.40458001320076,-124.19040255734069,297.5285714285715,16488.219999999998,239.9469493998007,16968.1138987996,16008.326101200397,978.0
BNL,2025-01-05,16012.0,16012.0,16011.0,16011.0,-1.98 %,20.0,320230.0,-0.01983471074380161,-0.020034059033115965,16275.48,16468.769999999997,16415.93998353115,16579.490754718026,54.87671001520013,-163.55077118687768,-132.0624762832481,320.6714285714287,16468.769999999997,262.2078667171824,16993.185733434362,15944.354266565631,958.0
BNL,2025-01-07,15700.0,15700.0,15700.0,15700.0,-1.94 %,10.0,157000.0,-0.01942414589969399,-0.01961527366565513,16080.48,16418.769999999997,16305.795370680202,16514.34329140558,49.24004939678921,-208.5479207253793,-147.35956517167435,337.1714285714287,16418.769999999997,307.2669285301874,17033.30385706037,15804.236142939622,948.0
BNL,2025-01-12,15386.0,15386.0,15078.3,15080.0,-3.95 %,50.0,760103.0,-0.0394904458598726,-0.040291349774452354,15828.16,16345.269999999999,16117.211467498631,16408.095640190353,49.21667299658185,-290.8841726917217,-176.06448667568384,358.7214285714287,16345.269999999999,426.7925134991256,17198.85502699825,15491.684973001747,898.0
BNL,2025-01-13,14900.0,14960.0,14900.0,14900.0,-1.19 %,50.0,746100.0,-0.011936339522546469,-0.012008149628396607,15605.2,16263.269999999999,15929.948164806534,16296.384852028106,49.228358421577475,-366.43668722157236,-214.13892678486155,371.5785714285716,16263.269999999999,531.9918253229837,17327.253650645966,15199.286349354032,848.0
BNL,2025-01-16,15198.0,16390.0,15198.0,16390.0,10.00 %,140.0,2259360.0,0.10000000000000009,0.09531017980432493,15616.2,16267.769999999999,16000.725370220913,16303.31930743343,46.96542513726072,-302.59393721251763,-231.8299288703928,454.4357142857144,16267.769999999999,532.6990432050096,17333.168086410016,15202.37191358998,988.0
BNL,2025-01-19,16717.0,18029.0,16717.0,18029.0,10.00 %,292.0,5208148.2,0.10000000000000009,0.09531017980432493,16019.8,16359.219999999998,16312.767620956158,16431.147506882804,46.917850525015446,-118.37988592664624,-209.1399202816435,525.507142857143,16359.219999999998,661.8026988540317,17682.82539770806,15035.614602291935,1280.0
BNL,2025-01-20,18389.5,19831.0,18208.4,18250.0,1.23 %,210.0,3931889.5,0.01225802873148818,0.012183507468437355,16529.8,16461.719999999998,16610.803371578288,16565.87732118778,55.80660835762877,44.926050390506134,-158.32672614721358,632.3642857142859,16461.719999999998,783.4218609475234,18028.563721895043,14894.87627810495,1490.0
BNL,2025-01-21,18000.0,18000.0,18000.0,18000.0,-1.37 %,20.0,360000.0,-0.013698630136986356,-0.013793322132335873,17113.8,16547.719999999998,16824.52592979701,16672.108630729428,50.99457504520796,152.41729906758337,-96.1779211042542,626.2214285714288,16547.719999999998,853.6796401460883,18255.079280292175,14840.36071970782,1470.0
BNL,2025-01-23,18000.0,19800.0,18000.0,19005.6,5.59 %,100.0,1914607.0,0.05586666666666651,0.05436191468601052,17934.920000000002,16668.0,17160.075786751317,16844.95984326799,58.81446080320665,315.115943483328,-13.91914818673775,731.2928571428573,16668.0,1015.5554601455965,18699.110920291194,14636.889079708806,1570.0
BNL,2025-01-26,18625.5,18625.5,17105.1,17105.1,-10.00 %,110.0,1929431.0,-0.09999684303573686,-0.10535700792590824,18077.94,16693.254999999997,17151.617973404962,16864.229484507396,57.83839234047031,287.3884888975663,46.34237923012306,831.3285714285715,16693.254999999997,1020.0459501904586,18733.346900380915,14653.16309961908,1460.0
BNL,2025-01-27,17105.0,18514.8,17105.0,18514.8,8.24 %,100.0,1752645.0,0.08241401687216099,0.07919374759857636,18175.1,16800.495,17361.338285188813,16986.493967136477,57.32200862665744,374.84431805233544,112.04276699456554,907.7428571428572,16800.495,1094.3131734346384,18989.121346869277,14611.868653130721,1560.0
BNL,2025-01-28,18885.0,20366.2,18885.0,19559.8,5.64 %,70.0,1377213.0,0.05644133341975066,0.054906027350677386,18437.059999999998,16943.784999999996,17699.563164390533,17177.10922883007,55.42423315442588,522.4539355604611,194.12500070774468,1016.1714285714288,16943.784999999996,1255.402798129983,19454.59059625996,14432.97940374003,1630.0
BNL,2025-02-10,19168.69,19168.7,17603.9,17604.0,-10.00 %,230.0,4106119.9,-0.09999079745191664,-0.10535029065667584,18357.859999999997,16983.984999999997,17684.86113909968,17208.730767435252,68.42869239143582,476.1303716644288,250.52607489908155,1132.5357142857142,16983.984999999997,1263.4034327852858,19510.79186557057,14457.178134429425,1400.0
BNL,2025-02-11,17604.0,17604.0,17604.0,17604.0,0.00 %,10.0,176040.0,0.0,0.0,18077.539999999997,17040.984999999997,17672.420963853576,17238.009969847455,59.17557621831177,434.41099400612075,287.3030587204894,1109.6642857142856,17040.984999999997,1264.424783833995,19569.834567667986,14512.135432332007,1400.0
BNL,2025-02-12,17850.0,17850.0,17850.0,17850.0,1.40 %,21.0,374850.0,0.013974096796182778,0.013877359276803199,18226.52,17098.484999999997,17699.74081556841,17283.34256467357,44.12130167579003,416.3982508948393,313.12209715535937,1104.0928571428572,17098.484999999997,1274.2126598000423,19646.91031960008,14550.059680399912,1421.0
BNL,2025-02-13,17493.0,17493.0,17493.0,17493.0,-2.00 %,10.0,174930.0,-0.020000000000000018,-0.020202707317519466,18022.159999999996,17123.135,17667.93453625019,17298.87274506812,52.727427694755384,369.06179118207,324.3100359607015,1107.3785714285714,17123.135,1276.972787195093,19677.080574390184,14569.189425609813,1411.0
BNL,2025-02-17,17143.2,17486.0,17143.2,17486.0,-0.04 %,30.0,517724.0,-0.0004001600640256564,-0.00040024014942944305,17607.4,17163.684999999998,17639.944607596317,17312.734023211226,44.90660085172281,327.21058438509135,324.8901456455795,1087.9571428571428,17163.684999999998,1274.868217451664,19713.421434903325,14613.94856509667,1381.0
BNL,2025-02-18,17137.0,17137.0,16464.0,16464.0,-5.84 %,129.0,2152200.0,-0.058446757405924754,-0.06022438166700546,17379.4,17169.805,17459.0300525815,17249.86483630669,53.169249904324545,209.16521627481052,301.7451597714257,1148.1,17169.805,1271.0020234672552,19711.80904693451,14627.800953065489,1252.0
BNL,2025-02-20,16200.0,16200.0,16000.0,16000.0,-2.82 %,94.0,1510698.0,-0.02818270165208936,-0.028587456851912506,17058.6,17169.065000000002,17234.563890645884,17157.282255839527,49.57625228600741,77.28163480635703,256.852454778412,1074.8142857142855,17169.065000000002,1271.7139898060345,19712.49297961207,14625.637020387934,1158.0
BNL,2025-02-23,16320.0,17166.6,15680.0,17166.6,7.29 %,220.0,3603901.0,0.07291249999999994,0.07037691325911305,16921.920000000002,17210.645,17224.107907469595,17157.97245911067,59.55622477361607,66.1354483589239,218.70905349451436,1063.928571428571,17210.645,1256.5122298083124,19723.669459616627,14697.620540383376,1378.0
BNL,2025-02-24,17500.0,18550.0,16807.0,18550.0,8.06 %,569.0,10285701.5,0.08058672072512918,0.07750415355454993,17133.32,17337.595,17428.091306320428,17261.085610287657,54.810273850008954,167.00569603277108,208.36838200216573,1059.7142857142856,17337.595,1257.190567338631,19851.976134677265,14823.21386532274,1947.0
BNL,2025-02-25,18600.0,18600.0,17451.0,17800.0,-4.04 %,80.0,1431665.0,-0.040431266846361225,-0.04127133175540472,17196.120000000003,17442.595,17485.308028424977,17301.005194710793,55.65703380588878,184.3028337141841,203.55527234456943,1123.928571428571,17442.595,1199.597198393988,19841.78939678798,15043.400603212025,1867.0
BNL,2025-02-27,18100.0,19580.0,17892.9,19400.0,8.99 %,1068.0,20185575.0,0.0898876404494382,0.08607460877124298,17783.32,17658.595,17779.876024051904,17456.486291398884,48.602130953465085,323.3897326530205,227.52216440625966,1122.4999999999998,17658.595,1139.2078163886626,19937.010632777325,15380.179367222676,2935.0
BNL,2025-03-02,19400.0,21107.9,19000.0,21107.9,8.80 %,630.0,12428027.3,0.08803608247422678,0.08437431192264769,18804.9,17968.99,18291.879712659305,17726.96138092489,41.42390416553226,564.9183317344141,295.00139787189056,1137.3142857142855,17968.99,1192.499630762375,20353.98926152475,15583.990738475251,3565.0
BNL,2025-03-03,21500.0,22368.0,19564.0,22260.0,5.46 %,791.0,17061866.4,0.054581460022076866,0.053143967855468446,19823.579999999998,18262.49,18902.359756865568,18062.7420193749,33.6398552330305,839.6177374906692,403.9246657956463,1236.8999999999999,18262.49,1472.8376552906605,21208.165310581324,15316.814689418681,4356.0
BNL,2025-03-04,22149.0,22500.0,22050.0,22050.0,-0.94 %,897.0,19872282.0,-0.009433962264150941,-0.00947874395454377,20523.579999999998,18463.54,19386.612101963172,18358.094462384164,37.16363890685924,1028.5176395790077,528.8432605523186,1136.7999999999997,18463.54,1696.7159733158796,21856.971946631762,15070.108053368242,3459.0
BNL,2025-03-05,21609.0,21609.0,21609.0,21609.0,-2.00 %,10.0,216090.0,-0.020000000000000018,-0.020202707317519466,21285.379999999997,18631.49,19728.517932430375,18598.902279985337,44.0671107514163,1129.615652445038,648.9977389308625,1028.5928571428572,18631.49,1835.071087365338,22301.63217473068,14961.347825269326,3449.0
BNL,2025-03-11,21176.9,21176.9,20753.4,20753.4,-3.96 %,50.0,1054610.0,-0.03959461335554626,-0.040399805899774814,21556.06,18769.16,19886.192096671854,18758.49470369013,41.77523348628591,1127.697392981725,744.737669741035,1089.7071428571428,18769.16,1887.7289874064902,22544.61797481298,14993.70202518702,3399.0
BNL,2025-03-12,20338.4,20338.4,20338.4,20338.4,-2.00 %,20.0,406768.0,-0.01999672342845027,-0.020199363882751866,21402.159999999996,18835.8,19955.76254333772,18875.524725639007,41.874084919472914,1080.237817698715,811.837699332571,1101.7785714285712,18835.8,1919.7681655537688,22675.336331107537,14996.263668892461,3379.0
BNL,2025-03-25,19931.69,19931.69,19931.69,19931.69,-2.00 %,10.0,199316.9,-0.019997148251583385,-0.020199797374389445,20936.498,18977.129500000003,19952.059075131918,18953.759190406487,34.69805527123849,998.2998847254312,849.1301364111431,1105.3292857142858,18977.129500000003,1889.45631599055,22756.042131981103,15198.216868018902,3369.0
BNL,2025-03-30,19533.1,19533.1,19533.1,19533.1,-2.00 %,10.0,195331.0,-0.019997802494419736,-0.020200464967400595,20433.118,19028.0445,19887.60383280393,18996.673324450454,38.04012862597977,890.9305083534746,857.4902107996095,1108.814285714286,19028.0445,1890.0621838349384,22808.168867669876,15247.920132330124,3359.0
BNL,2025-04-02,19142.5,19142.5,17579.8,17579.8,-10.00 %,70.0,1271201.0,-0.09999948804849201,-0.10535994682297921,19627.278,18929.044499999996,19532.55708929563,18891.719744861533,37.81098708983324,640.8373444340978,814.1596375265071,1175.3357142857144,18929.044499999996,1912.4659520394769,22753.97640407895,15104.112595921042,3289.0
BNL,2025-04-03,17228.3,17228.3,16548.0,16548.0,-5.87 %,50.0,844279.0,-0.0586923628255156,-0.06048526702887463,18786.197999999997,18876.2445,19073.394460173226,18718.11087487179,43.3840964499215,355.2835853014367,722.3844270814932,1215.892857142857,18876.2445,1964.8338287913543,22805.91215758271,14946.576842417293,3239.0
BNL,2025-04-07,16217.1,16541.4,15580.0,16209.4,-2.05 %,80.0,1287665.0,-0.02046168721295627,-0.02067392772539471,17960.398,18806.5145,18632.779927838885,18532.2804396961,29.179421202845177,100.49948814278468,598.0074392937515,1178.8500000000001,18806.5145,2035.8248759072799,22878.16425181456,14734.864748185442,3159.0
BNL,2025-04-08,16533.5,17830.3,16533.5,17830.2,10.00 %,100.0,1747184.0,0.09999136303626299,0.09530232798828397,17540.1,18805.524500000003,18509.30609278675,18480.274481200093,29.291609761890626,29.031611586655345,484.21227375233235,1170.1285714285716,18805.524500000003,2036.319254182007,22878.163008364016,14732.885991635989,3259.0
BNL,2025-04-09,18000.0,19060.0,18000.0,18750.0,5.16 %,100.0,1865752.0,0.05158663391324825,0.05030010355436548,17383.48,18868.374499999998,18546.33592466571,18500.25414925935,28.55571635311142,46.081775406360975,396.5861740831381,1175.8999999999999,18868.374499999998,2012.9408435250439,22894.256187050087,14842.49281294991,3359.0
BNL,2025-04-10,18375.0,18375.0,17647.4,17930.93,-4.37 %,81.0,1460187.0,-0.04368373333333331,-0.04466659776747429,17453.706,18890.621,18451.658090101755,18458.08199005495,32.60372855209347,-6.42389995319536,315.9841592758714,1127.5142857142857,18890.621,1999.2713244708882,22889.163648941776,14892.078351058222,3278.0
BNL,2025-04-13,17575.0,17926.5,17575.0,17602.75,-1.83 %,60.0,1059125.0,-0.01830245280083076,-0.01847201481059926,17664.656,18947.558500000003,18321.056845470717,18394.724064865695,47.53307506761201,-73.66721939497802,238.0538835417015,1002.3735714285713,18947.558500000003,1941.9186850157816,22831.395870031567,15063.721129968439,3218.0
BNL,2025-04-15,17250.7,17600.0,17250.7,17600.0,-0.02 %,35.0,612457.0,-0.00015622558975159073,-0.0001562377942401562,17942.776,19027.558500000003,18210.125023090608,18335.855615616387,43.685341932016655,-125.73059252577877,165.29698832820546,827.2342857142855,19027.558500000003,1844.6184629755464,22716.795425951095,15338.32157404891,3183.0
BNL,2025-04-16,17952.0,17952.0,17952.0,17952.0,2.00 %,10.0,179520.0,0.020000000000000018,0.01980262729617973,17967.136,19066.8285,18170.413481076666,18307.42186631147,34.22329173641758,-137.00838523480343,104.83591361560369,820.2342857142855,19066.8285,1810.9687011631022,22688.765902326202,15444.891097673795,3193.0
BNL,2025-04-17,17600.0,17600.0,17151.0,17151.0,-4.46 %,40.0,698440.0,-0.044618983957219305,-0.04564504839034194,17647.336,18996.8785,18013.5806378341,18221.760987325437,26.35366000723559,-208.18034949133653,42.23266099421565,845.9485714285712,18996.8785,1858.380338787615,22713.639177575227,15280.117822424769,3153.0
BNL,2025-04-20,17494.0,18199.0,17494.0,18199.0,6.11 %,30.0,535368.0,0.06110430878665962,0.059310166568325814,17700.95,19016.8285,18042.10669355193,18220.074988264292,26.99108668354637,-177.96829471236197,-1.8075301470998753,859.6914285714284,19016.8285,1846.9620019351703,22710.75250387034,15322.904496129659,3183.0
BNL,2025-04-21,17835.1,18000.0,17478.4,17739.2,-2.53 %,30.0,533135.0,-0.02526512445738771,-0.025589767482319597,17728.24,18933.788500000002,17995.50566377471,18184.454618763233,26.63470718478945,-188.94895498852202,-39.235815115384305,881.5199999999998,18933.788500000002,1866.064045959824,22665.91659191965,15201.660408080355,3153.0
BNL,2025-04-22,18093.0,18093.0,18093.0,18093.0,1.99 %,10.0,180930.0,0.019944529629295493,0.01974824310100921,17826.840000000004,18783.0435,18010.504792424756,18177.68020255855,31.21931710243463,-167.17541013379378,-64.8237341190662,877.7407142857138,18783.0435,1801.8614473817863,22386.766394763574,15179.320605236428,3163.0
BNL,2025-04-23,17731.2,18450.0,17731.2,18450.0,1.97 %,20.0,361812.0,0.01973138782954731,0.019539247349576745,17926.440000000002,18592.5435,18078.119439744023,18197.852039406065,32.623147115900736,-119.73259966204205,-75.80550722766138,900.6128571428566,18592.5435,1605.6360488448977,21803.815597689794,15381.271402310205,3183.0
BNL,2025-04-29,18440.0,18440.0,18440.0,18440.0,-0.05 %,10.0,184400.0,-0.0005420054200542257,-0.0005421523580884493,18184.24,18412.0435,18133.793372091095,18215.788925375986,24.12262663650695,-81.99555328489078,-77.04351643910726,761.8057142857139,18412.0435,1384.1382341913145,21180.319968382628,15643.767031617372,3173.0
BNL,2025-05-14,18071.2,18071.2,18070.0,18070.0,-2.01 %,210.0,3794940.0,-0.02006507592190887,-0.02026911352431062,18158.440000000002,18235.0935,18123.979007154005,18204.989745718507,24.81704728754562,-81.01073856450239,-77.8369608641863,714.5342857142853,18235.0935,1162.3744124274397,20559.84232485488,15910.34467514512,2963.0
BNL,2025-05-15,17800.0,17800.0,17800.0,17800.0,-1.49 %,10.0,178000.0,-0.014941892639734333,-0.015054647306097627,18170.6,18087.4235,18074.136082976464,18174.990505294914,35.76529161964976,-100.85442231845082,-82.4404531550392,664.6771428571425,18087.4235,1002.1682117041241,20091.759923408248,16083.087076591753,2953.0
BNL,2025-05-19,17800.0,17800.0,17800.0,17800.0,0.00 %,40.0,712000.0,0.0,0.0,18112.0,17960.5035,18031.961300980085,18147.213430828626,45.26026018618556,-115.25212984854079,-89.00278849373952,548.898571428571,17960.5035,851.5009875215877,19663.505475043174,16257.501524956824,2953.0
BNL,2025-05-21,17444.0,17444.0,16753.3,16753.3,-5.88 %,40.0,683885.0,-0.05880337078651687,-0.060603203506482656,17772.659999999996,17801.584,17835.244177752378,18043.96058410058,52.27617050273563,-208.71640634820142,-112.94551206463191,535.8199999999997,17801.584,755.4253115848911,19312.434623169782,16290.733376830216,2913.0
BNL,2025-05-22,17088.0,17100.0,16420.0,16840.0,0.52 %,80.0,1356960.0,0.0051750998310780005,0.005161755022623787,17452.659999999996,17666.929,17682.129688867397,17954.77831861165,56.205301310149714,-272.6486297442534,-144.8861356005562,505.6342857142855,17666.929,665.1686520044692,18997.26630400894,16336.591695991061,2993.0
BNL,2025-05-25,16900.0,16900.0,16505.0,16510.0,-1.96 %,55.0,917700.0,-0.019596199524940627,-0.019790750882144038,17140.659999999996,17613.439000000002,17501.80204442626,17847.757702418196,55.705382088360814,-345.9556579919372,-185.10004007883242,508.4249999999998,17613.439000000002,713.7818855622563,19041.002771124513,16185.87522887549,2938.0
BNL,2025-05-26,16840.2,17150.0,16840.2,17150.0,3.88 %,20.0,339902.0,0.03876438522107817,0.03803191567991231,17010.659999999996,17643.539,17447.678652976065,17796.071946683514,65.52605084319154,-348.39329370744963,-217.75869080455587,528.992857142857,17643.539,678.2990439318899,19000.13708786378,16286.94091213622,2958.0
BNL,2025-06-02,16910.0,16910.0,16601.0,16601.0,-3.20 %,40.0,670120.0,-0.032011661807580194,-0.032535239100009966,16770.859999999997,17663.119,17317.420398672053,17707.548098781033,76.09148439215582,-390.1277001089802,-252.23249266544076,543.0642857142856,17663.119,639.2498743049671,18941.618748609933,16384.619251390064,2918.0
BNL,2025-06-03,16850.0,16850.0,16850.0,16850.0,1.50 %,10.0,168500.0,0.014999096439973547,0.014887722286431806,16790.2,17614.109,17245.50956810712,17644.026017389846,79.7986214782581,-398.51644928272435,-281.48928398889745,503.63571428571413,17614.109,662.9032826088979,18939.915565217798,16288.302434782205,2928.0
BNL,2025-06-04,16526.0,16526.0,16513.0,16513.0,-2.00 %,50.0,826150.0,-0.020000000000000018,-0.020202707317519466,16724.8,17502.259,17132.815788398333,17560.246312398005,83.12194465348777,-427.430523999672,-310.6775319910524,452.84999999999985,17502.259,649.7513166297331,18801.761633259463,16202.756366740532,2878.0
BNL,2025-06-05,16185.1,16185.1,16185.1,16185.1,-1.99 %,10.0,161851.0,-0.019857082298794904,-0.020056883561335424,16659.82,17414.9675,16987.013359413973,17458.383622590747,86.17664169446853,-471.37026317677373,-342.81607822819666,424.7999999999999,17414.9675,704.1273651748827,18823.222230349766,16006.712769650234,2868.0
BNL,2025-06-08,16000.1,16000.1,15900.0,15900.0,-1.76 %,153.0,2435922.0,-0.017614966852228298,-0.017771956693330048,16409.82,17329.829999999998,16819.78053488875,17342.947798695135,86.45524927436759,-523.1672638063865,-378.8863153438346,419.89285714285717,17329.829999999998,779.1698673655761,18888.16973473115,15771.490265268845,2715.0
BNL,2025-06-09,16218.0,16218.0,16218.0,16218.0,2.00 %,10.0,162180.0,0.020000000000000018,0.01980262729617973,16333.220000000001,17260.73,16727.198914136632,17259.618332125126,87.00804534853879,-532.4194179884944,-409.5929358727666,391.2642857142858,17260.73,814.4318614514847,18889.59372290297,15631.86627709703,2725.0
BNL,2025-06-10,16542.3,16542.3,16542.3,16542.3,2.00 %,10.0,165423.0,0.019996300406955214,0.01979900023759725,16271.679999999998,17190.245,16698.75292734638,17206.483640856597,100.0,-507.73071351021645,-429.2204914002566,413.7142857142857,17190.245,812.4560111006903,18815.15702220138,15565.332977798618,2735.0
BNL,2025-06-11,16550.0,16550.0,15896.0,15898.1,-3.89 %,70.0,1129025.0,-0.03894258960362218,-0.0397211315294409,16148.7,17127.6,16575.57555390848,17109.56633412648,100.0,-533.9907802180023,-450.17454916380575,434.0,17127.6,862.4085379422847,18852.41707588457,15402.782924115429,2665.0
BNL,2025-06-12,15898.0,15898.0,15580.0,15580.0,-2.00 %,170.0,2655004.0,-0.02000868028254954,-0.020211564787919724,16027.680000000002,16996.65,16422.410084076404,16996.265124191184,100.0,-573.8550401147804,-474.91064735400073,437.4357142857143,16996.65,889.5720730541466,18775.794146108296,15217.505853891707,2495.0
BNL,2025-06-15,15891.0,15891.0,15891.0,15891.0,2.00 %,10.0,158910.0,0.01996148908857509,0.01976487078789711,16025.880000000001,16904.239999999998,16340.654686526188,16914.393633510354,99.0615185664142,-573.7389469841655,-494.6763072800337,459.65000000000003,16904.239999999998,904.2507875234598,18712.74157504692,15095.738424953079,2505.0
BNL,2025-06-16,16208.0,17000.4,16208.0,16700.0,5.09 %,70.0,1171064.0,0.05090931974073376,0.04965580819221012,16122.279999999999,16834.59,16395.938580906775,16898.5126236207,98.96960747724212,-502.5740427139244,-496.25585436681183,464.1285714285715,16834.59,860.4546361937521,18555.499272387504,15113.680727612496,2575.0
BNL,2025-06-18,16700.0,16700.0,16700.0,16700.0,0.00 %,10.0,167000.0,0.0,0.0,16153.820000000002,16747.09,16442.71726076727,16883.80798483398,98.86889918061988,-441.0907240667111,-485.2228283067917,415.55714285714294,16747.09,771.9660968148347,18291.02219362967,15203.157806370331,2575.0
BNL,2025-06-19,16366.0,16366.0,16366.0,16366.0,-2.00 %,10.0,163660.0,-0.020000000000000018,-0.020202707317519466,16247.4,16643.39,16430.91460526461,16845.45183780924,98.75860181420082,-414.53723254462966,-471.08570915435934,411.2000000000001,16643.39,664.3918056942257,17972.17361138845,15314.606388611548,2565.0
BNL,2025-06-22,16500.0,16500.0,16500.0,16500.0,0.82 %,10.0,165000.0,0.008187706220212698,0.008154368801345013,16431.4,16564.89,16441.543127531593,16819.862812786334,98.63783598258146,-378.31968525474076,-452.53250437443563,375.05714285714294,16564.89,573.4940259404812,17711.87805188096,15417.901948119037,2575.0
BNL,2025-06-23,16200.0,16200.0,15900.0,15900.5,-3.63 %,40.0,640010.0,-0.03633333333333333,-0.03700982563390068,16433.3,16469.915,16358.305723295964,16751.76186369105,98.53972634241693,-393.45614039508473,-440.7172315785655,378.7000000000001,16469.915,512.1947052429306,17494.304410485864,15445.52558951414,2535.0
BNL,2025-06-24,15584.1,15584.1,15584.0,15584.05,-1.99 %,20.0,311681.0,-0.019901889877676826,-0.020102599958710776,16210.11,16359.117499999998,16239.189458173507,16665.264688602823,98.39836557621005,-426.07523042931643,-437.7888313487157,383.52142857142866,16359.117499999998,444.53606072267866,17248.189621445355,15470.045378554642,2515.0
BNL,2025-06-26,15430.0,15430.0,15430.0,15430.0,-0.99 %,10.0,154300.0,-0.009885106888132378,-0.00993428893885398,15956.11,16292.9525,16114.69877230066,16573.76360055817,98.24384307977377,-459.06482825750936,-442.04403073047445,370.4535714285715,16292.9525,479.8550887273909,17252.66267745478,15333.242322545218,2505.0
BNL,2025-06-29,15450.0,15450.0,15450.0,15450.0,0.13 %,20.0,309000.0,0.0012961762799741372,0.001295336968685058,15772.91,16223.4525,16012.437422715942,16490.521852368674,98.07499924212568,-478.08442965273207,-449.25211051492596,348.46071428571435,16223.4525,496.8140691802773,17217.080638360552,15229.824361639445,2525.0
BNL,2025-06-30,15600.0,15850.0,15600.0,15850.0,2.59 %,30.0,472000.0,0.025889967637540368,0.02556049697953507,15642.91,16190.4525,15987.447049990413,16443.075789230254,97.89061072632751,-455.6287392398408,-450.52743625990894,356.66785714285714,16190.4525,498.69500579928484,17187.84251159857,15193.06248840143,2555.0
BNL,2025-07-01,15541.1,15851.8,15541.0,15851.8,0.01 %,30.0,469339.0,0.00011356466876977223,0.00011355822079094626,15633.170000000002,16125.5425,15966.578273068812,16399.277582620605,97.68943873373965,-432.6993095517937,-446.96181091828595,356.1535714285714,16125.5425,449.26404241731524,17024.07058483463,15227.01441516537,2585.0
BNL,2025-07-02,15851.8,15851.8,15851.8,15851.8,0.00 %,10.0,158518.0,0.0,0.0,15686.719999999998,16088.082499999999,15948.920077212071,16358.723687611673,97.37874097007224,-409.8036103996019,-439.5301708145492,332.98928571428576,16088.082499999999,438.6423735965434,16965.367247193084,15210.797752806911,2585.0
BNL,2025-07-03,15800.0,15800.0,15800.0,15800.0,-0.33 %,10.0,158000.0,-0.0032677676983055015,-0.0032731185111593373,15760.719999999998,16035.582499999999,15926.009296102522,16317.336747788586,97.04809055621412,-391.3274516860638,-429.88962698885217,289.97499999999997,16035.582499999999,404.1289369791306,16843.84037395826,15227.324626041738,2575.0
BNL,2025-07-06,16000.0,16320.0,16000.0,16320.0,3.29 %,30.0,483200.0,0.032911392405063244,0.03238140950303978,15934.719999999998,16025.932499999999,15986.623250548288,16317.534025730172,97.02387926792117,-330.9107751818847,-410.09385662745865,304.39642857142854,16025.932499999999,394.3140046749915,16814.560509349983,15237.304490650016,2605.0
BNL,2025-07-07,16000.4,16000.4,15800.0,15800.05,-3.19 %,50.0,796008.0,-0.03185968137254902,-0.032378244951085,15924.73,16006.679999999998,15957.919673540859,16279.201875676086,100.0,-321.28220213522764,-392.33152572901247,319.32499999999993,16006.679999999998,395.531793053003,16797.743586106004,15215.616413893993,2555.0
BNL,2025-07-08,16000.0,16000.0,16000.0,16000.0,1.27 %,10.0,160000.0,0.012655023243597352,0.012575617654905315,15954.37,16011.679999999998,15964.39356991919,16258.520255255637,100.0,-294.1266853364468,-372.69055765049933,254.36428571428561,16011.679999999998,394.74352679594716,16801.167053591893,15222.192946408104,2565.0
BNL,2025-07-09,16316.8,16412.0,16085.1,16085.4,0.53 %,80.0,1301220.0,0.005337499999999995,0.005323306031345486,16001.09,16005.05,15983.009943777775,16245.696532644108,100.0,-262.6865888663324,-350.68976389366594,283.79285714285703,16005.05,392.2012201730092,16789.452440346016,15220.64755965398,2645.0
BNL,2025-07-10,16400.0,16407.0,16400.0,16400.0,1.96 %,30.0,492070.0,0.019558108595372214,0.019369306559026023,16121.09,15997.935000000001,16047.162260119656,16257.126419114913,100.0,-209.9641589952571,-322.5446429139842,282.9071428571428,15997.935000000001,383.1276838490178,16764.190367698036,15231.679632301966,2675.0
BNL,2025-07-13,16727.9,16727.9,16727.9,16727.9,2.00 %,10.0,167279.0,0.019993902439024547,0.01979664927735507,16202.670000000002,16039.425,16151.89114317817,16291.998536217512,100.0,-140.10739303934133,-286.05719293905565,296.75714285714287,16039.425,415.32505294672274,16870.075105893444,15208.774894106555,2685.0
BNL,2025-07-14,16800.0,18399.9,16525.0,16525.0,-1.21 %,190.0,3321671.0,-0.012129436450481035,-0.012203598369757773,16347.66,16086.675,16209.292505766145,16309.257903905105,100.0,-99.96539813896015,-248.83883397903656,387.8214285714287,16086.675,414.059720616215,16914.79444123243,15258.55555876757,2495.0
BNL,2025-07-15,16855.0,17189.0,16855.0,17155.42,3.81 %,100.0,1712010.0,0.038149470499243554,0.03743977293108482,16578.744,16149.895999999999,16354.850581802122,16371.936577689912,100.0,-17.085995887789977,-202.48826636078726,412.6428571428573,16149.895999999999,474.6995096667278,17099.295019333455,15200.496980666543,2595.0
BNL,2025-07-16,17498.0,17498.0,17498.0,17498.0,2.00 %,10.0,174980.0,0.019969199238491386,0.01977243001523797,16861.264000000003,16189.795999999998,16530.719723063332,16455.348683046217,100.0,75.37104001711486,-146.91640508520686,426.10928571428605,16189.795999999998,550.8071899293188,17291.410379858637,15088.18162014136,2605.0
BNL,2025-07-17,17150.0,18204.0,17100.0,18204.0,4.03 %,120.0,2105001.0,0.04034746828208946,0.03955476147032278,17222.064000000002,16264.996,16788.147457976665,16584.87841022798,100.0,203.26904774868672,-76.87931451842815,503.53785714285743,16264.996,705.1685681668362,17675.333136333673,14854.658863666327,2725.0
BNL,2025-07-20,17840.1,17840.1,17840.1,17840.1,-2.00 %,10.0,178401.0,-0.019990112063282828,-0.02019261763707639,17444.503999999997,16338.700999999997,16949.98631059564,16677.85778724813,100.0,272.12852334751005,-7.077746945240506,500.9592857142861,16338.700999999997,788.4059114634207,17915.512822926838,14761.889177073155,2715.0
BNL,2025-07-22,17500.0,17500.0,17150.0,17400.6,-2.46 %,145.0,2527104.0,-0.02463551213277948,-0.024944044132731723,17619.624,16383.731,17019.311493580924,16731.39424745197,97.54088282306653,287.9172461289527,51.921251669598135,528.0521428571432,16383.731,823.0607780902137,18029.852556180427,14737.609443819572,2570.0
BNL,2025-07-23,17200.0,17500.0,17200.0,17500.0,0.57 %,25.0,431280.0,0.00571244669724047,0.005696192544881134,17688.54,16463.706,17093.263571491552,16788.328006899974,97.38630423418714,304.93556459157844,102.5241142539942,549.4807142857146,16463.706,850.8749711072629,18165.455942214525,14761.956057785472,2595.0
BNL,2025-07-24,17151.0,17493.0,17150.0,17493.0,-0.04 %,40.0,689440.0,-0.00039999999999995595,-0.00040008002133969133,17687.54,16559.1535,17154.761483569775,16840.52593231479,97.02336657240662,314.2355512549839,144.86640165419215,570.7807142857147,16559.1535,854.0683772593495,18267.2902545187,14851.016745481302,2555.0
BNL,2025-07-28,17300.0,17300.0,17000.0,17300.0,-1.10 %,30.0,516000.0,-0.011032984622420416,-0.011094299404395392,17506.739999999998,16652.6535,17177.105870712887,16874.56104843962,94.93414387031409,302.5448222732666,176.40208577800706,568.8521428571432,16652.6535,825.8406873781146,18304.33487475623,15000.97212524377,2525.0
BNL,2025-07-29,17201.0,17300.0,16960.0,16980.5,-1.85 %,40.0,684620.0,-0.018468208092485505,-0.01864087464653063,17334.82,16729.1785,17146.858813680137,16882.408378184835,94.53253143794423,264.4504354953024,194.01175572146613,555.9950000000005,16729.1785,778.062044328018,18285.30258865604,15173.054411343966,2485.0
BNL,2025-07-31,16700.0,17000.0,16700.0,17000.0,0.11 %,20.0,337000.0,0.0011483760784429808,0.0011477171990135512,17254.7,16786.6785,17124.26515003704,16891.118868689664,,233.14628134737723,201.83866084664834,563.141428571429,16786.6785,751.717150111173,18290.11280022235,15283.244199777655,2505.0
BNL,2025-08-03,16666.0,16666.0,16666.0,16666.0,-1.96 %,25.0,416650.0,-0.019647058823529462,-0.019842628096201097,17087.9,16827.3885,17053.762819262112,16874.443396934876,,179.31942232723668,197.33481314276602,557.5700000000004,16827.3885,719.7921560479153,18266.97281209583,15387.80418790417,2480.0
BNL,2025-08-04,16999.3,17099.0,16999.3,17049.15,2.30 %,20.0,340983.0,0.02298991959678398,0.02272963315435618,16999.129999999997,16887.256,17053.053154760248,16887.38462679155,,165.66852796869716,191.00155610795224,565.5271428571432,16887.256,683.2444696438433,18253.744939287688,15520.767060712315,2500.0
BNL,2025-08-05,17275.0,17275.0,16929.5,16929.5,-0.70 %,20.0,342045.0,-0.007017945176152507,-0.00704268677815699,16925.03,16943.731,17034.044977104826,16890.50428406625,,143.54069303857614,181.509383494077,566.7842857142859,16943.731,633.5159838543125,18210.762967708626,15676.699032291375,2480.0
BNL,2025-08-06,17200.0,17200.0,17200.0,17200.0,1.60 %,10.0,172000.0,0.015978026521751953,0.015851721483193196,16968.93,16987.731,17059.5765190887,16913.429892653934,,146.1466264347655,174.43683208221472,452.18428571428586,16987.731,618.2922564859415,18224.315512971883,15751.146487028116,2490.0
BNL,2025-08-11,17400.0,17400.0,17100.0,17400.0,1.16 %,180.0,3092990.0,0.011627906976744207,0.011560822401076006,17048.93,17067.728499999997,17111.949362305822,16949.472122827716,,162.47723947810664,172.04491356139312,426.18428571428586,17067.728499999997,557.0036636303066,18181.73582726061,15953.721172739384,2670.0
BNL,2025-08-12,17052.0,17052.0,16711.0,16711.0,-3.96 %,20.0,337630.0,-0.03959770114942529,-0.04040302099923777,17057.93,17103.278499999997,17050.264845028003,16931.807521136772,,118.45732389123077,161.32739562736066,450.92857142857144,17103.278499999997,505.5868693984353,18114.45223879687,16092.104761203125,2650.0
BNL,2025-08-18,16711.0,16711.0,16500.0,16500.0,-1.26 %,20.0,332110.0,-0.012626413739453057,-0.012706804314710657,16948.1,17124.0085,16965.608715023693,16899.821778830345,,65.78693619334808,142.21930374055816,387.14285714285717,17124.0085,468.81806691509394,18061.644633830187,16186.372366169811,2630.0
BNL,2025-08-26,16500.0,16500.0,16170.1,16170.1,-2.00 %,20.0,326701.0,-0.01999393939393934,-0.02019652304474347,16796.22,17112.5135,16843.222758866203,16845.7683137318,,-2.545554865599115,113.26633201932671,384.7142857142856,17112.5135,489.8510856025589,18092.21567120512,16132.811328794884,2610.0
BNL,2025-08-27,16400.0,16410.0,16400.0,16410.0,1.48 %,20.0,328100.0,0.014836024514381485,0.014727047240208131,16638.22,17096.6185,16776.573103656017,16813.489179381297,,-36.91607572527937,83.22985047040551,352.5571428571428,17096.6185,507.8163928478016,18112.251285695602,16080.985714304397,2630.0
BNL,2025-08-28,16084.0,16084.0,16082.0,16082.0,-2.00 %,32.0,514656.0,-0.019987812309567365,-0.020190270976042254,16374.62,17074.4685,16669.715703093552,16759.304795723423,,-89.58909262987072,48.666061850350275,354.5571428571428,17074.4685,542.536092859709,18159.540685719418,15989.39631428058,2598.0
BNL,2025-09-03,16400.0,16400.0,16075.0,16075.0,-0.04 %,50.0,807000.0,-0.000435269245118719,-0.0004353640022741734,16247.420000000002,17020.447500000002,16578.220979540696,16708.61555159576,,-130.3945720550655,12.853935069267123,352.77142857142854,17020.447500000002,586.0923942508011,18192.632288501605,15848.262711498399,2548.0
BNL,2025-09-07,15754.0,15754.0,15753.5,15753.75,-2.00 %,20.0,315075.0,-0.019984447900466606,-0.020186837954118672,16098.170000000002,16933.235,16451.379290380588,16637.884769996075,,-186.50547961548727,-27.01794786768376,340.52142857142854,16933.235,638.7045837391695,18210.64416747834,15655.825832521661,2528.0
